"","X17.AAG","GSK.1904529A","Bosutinib","RDEA119","Nutlin.3a","PD.0325901","Epothilone.B"
"1",-1.563772,3.497546,3.316331,1.099453,3.039341,0.057961,-5.608871
"2",-2.85766,4.770807,0.129296,2.112783,6.412843,2.710025,-7.356932
"3",-1.644401,3.227102,1.974372,1.588194,3.779543,-4.560709,-8.430861
"4",3.670938,3.981583,1.382219,2.884052,6.739784,0.176459,-6.025791
"5",0.451354,3.763822,-1.588857,2.561588,0.703687,0.737921,-6.330375
"6",-1.872032,2.196877,2.236473,0.862558,4.614701,-0.87372,-9.111513
"7",-2.356787,4.326875,1.67575,3.535253,5.959614,0.92916,-5.343442
"8",-0.090621,3.616993,1.28979,0.836457,4.139882,-2.214206,-7.704692
"9",-0.471601,2.948218,1.03247,-0.450368,1.271923,-3.700658,-7.063249
"10",-3.137643,4.732589,2.757311,1.335755,5.091578,-0.772246,-7.417212
"11",-1.199554,3.11081,2.653229,1.267233,6.681148,-0.570203,-4.574299
"12",-2.032146,3.860428,4.406567,2.822366,5.20682,2.170707,-6.170478
"13",2.339257,4.758907,4.095641,5.110788,1.824519,1.900777,-5.106587
"14",-1.510702,4.091236,-1.013995,-2.546469,0.592602,-6.463893,-9.904015
"15",4.250235,3.922293,-0.452882,-0.019779,3.619221,-1.169789,-6.821983
"16",-0.86796,4.482982,1.241627,1.495318,1.92837,-0.568177,-7.096816
"17",-2.499837,3.907534,0.862994,1.071346,6.094732,-0.433818,-11.526967
"18",-2.284787,3.476334,0.337281,3.572085,4.233689,-1.505711,-2.791951
"19",3.847032,3.864086,1.442989,5.103064,3.991247,-2.095406,-6.391757
"20",-0.501389,2.863805,-0.614906,3.871946,4.657102,-0.061945,-7.197314
"21",-3.179132,4.281465,5.297628,-2.732477,5.049487,-4.150353,-6.842258
"22",-4.073305,4.47577,2.960856,-1.821348,0.888611,-4.691281,-5.961259
"23",-0.111275,1.694021,1.103618,1.162828,1.753753,-0.644475,-6.523111
"24",-1.567929,4.945037,4.859948,2.419895,1.910488,0.339665,-4.884299
"25",-2.995755,3.235531,4.947312,4.035875,5.389788,0.522153,-7.701318
"26",3.082277,5.353743,4.728205,5.112973,5.388876,3.085867,-5.094562
"27",2.235607,4.734694,-0.173931,5.494758,4.241601,2.985316,-5.664977
"28",-1.882262,3.882488,2.678556,0.069033,3.587752,-3.094898,-1.940204
"29",-3.159443,3.272464,-1.011832,-0.510459,2.761201,-3.753877,-8.513443
"30",-3.159846,1.93464,5.088027,1.803278,4.117277,-0.451329,-1.917843
"31",-2.248699,4.180024,0.64106,1.296489,6.178993,-0.810448,-7.368875
"32",-0.777776,2.026864,5.205554,6.331366,2.50419,3.668644,-6.21799
"33",-1.667504,4.010828,4.610543,0.779549,5.184551,-2.000666,-7.45029
"34",3.558314,3.843254,-1.260711,3.701146,3.288892,3.009285,-4.920432
"35",2.472411,3.16964,2.463022,5.408563,2.807222,1.205197,-3.883699
"36",-1.154515,3.321293,2.861242,-0.330239,5.990027,-2.046666,-9.904733
"37",-2.529662,4.558625,3.232979,5.217235,5.844918,2.668358,-6.465027
"38",2.627166,3.175543,-0.763775,-2.247916,2.989234,-5.005051,-6.489832
"39",-1.440056,4.138418,0.206132,1.189391,6.027193,-1.213583,-8.540707
"40",0.659834,3.547271,0.527806,6.579665,7.129299,3.395576,-6.605469
"41",-2.009152,3.96912,-0.448865,-2.004064,5.260312,-5.533994,-7.560687
"42",0.106194,3.273389,3.345281,3.049676,6.59564,0.284109,-5.279113
"43",-0.898207,5.357067,-1.816935,0.430832,0.187448,-1.404925,-4.041801
"44",-3.247954,4.033301,3.264134,1.945524,5.40175,0.589936,-5.857928
"45",-2.001277,3.578514,4.137256,0.467573,6.150287,-0.93865,-6.355789
"46",-1.505513,4.911003,0.709865,-0.58218,1.153814,-3.556459,-5.015103
"47",-5.420084,4.641865,4.005195,-2.499392,1.72017,-5.1423,0.648459
"48",-0.788836,4.10301,4.918894,2.741716,4.990577,0.016405,-5.679498
"49",4.117428,3.846306,3.409015,5.820829,6.125562,3.090129,-4.644987
"50",-1.135961,2.867887,1.445908,2.256376,1.140055,0.302499,-4.054904
"51",-0.627379,3.765165,3.479136,1.917796,4.617863,1.97045,-4.592947
"52",-0.849091,1.292191,0.877204,0.066979,4.363186,0.069181,-8.339467
"53",-1.693539,4.218491,-0.199015,0.212397,6.530477,-2.115176,-6.580267
"54",0.300876,4.862727,-1.382463,-0.66264,3.79046,-3.247011,-6.492043
"55",-2.555425,2.524849,0.763045,-0.879777,6.026033,-3.243235,-7.796084
"56",-4.265473,4.377821,4.989539,2.091831,2.20855,2.646941,-6.401699
"57",1.400962,1.939281,0.505064,1.714452,1.510763,0.374933,-1.767476
"58",-1.822062,3.637514,0.668772,-0.382974,6.195434,-2.294863,-7.041378
"59",3.563364,3.149322,4.684266,1.272326,5.59109,-1.398159,-7.320771
"60",-2.046046,2.314972,4.959228,5.13184,4.666691,2.142606,-4.348227
"61",-0.744755,4.503585,1.123254,2.006706,6.645914,-2.459058,-5.520261
"62",0.553515,4.463216,5.49782,3.567806,6.60027,1.777392,-3.710452
"63",-2.867506,4.359107,5.651188,2.841381,1.264613,1.290533,-5.145477
"64",0.718093,2.69138,0.287907,3.694097,3.272127,0.487612,-5.829401
"65",0.786716,4.804337,5.4899,4.750613,1.954006,2.122528,-5.690177
"66",-0.980351,4.2277,4.839017,2.014753,4.161768,-0.791803,-6.887465
"67",-4.281031,4.510774,2.068188,0.257521,6.00977,-0.776827,-5.877039
"68",-3.794002,2.996304,-0.589413,0.16893,6.292199,-1.706467,-6.928966
"69",-3.20946,0.892582,0.85375,-4.317677,0.315511,-7.689673,-5.145078
"70",-3.48519,4.476551,3.581601,-2.809961,4.273856,-3.914277,-7.129023
"71",5.231767,4.935549,5.285338,6.395028,6.581087,3.018324,-5.257716
"72",0.888713,4.127201,4.033071,2.565118,5.7863,1.193232,-3.225171
"73",-1.425273,3.011123,2.689692,0.747797,2.233032,-1.75267,0.225633
"74",-2.188303,3.97682,5.570068,-1.880234,2.740908,-4.603778,-7.839451
"75",0.114351,4.249745,3.945483,4.216021,5.056057,0.343748,-4.938548
"76",-0.241175,3.644516,3.435101,5.263085,6.51424,2.935908,-4.966187
"77",3.355491,3.203713,4.412243,-0.089261,4.542239,-4.947698,-5.907291
"78",-1.163124,1.407702,2.933838,-0.27266,4.273931,-3.14302,-0.760637
"79",-1.354319,4.375878,3.757745,4.568927,6.428814,1.487106,-3.425439
"80",-1.75479,4.110646,5.386623,2.397656,6.111096,3.207934,-3.75884
"81",4.377592,3.250854,0.003929,2.642673,3.847712,-2.635056,-4.652494
"82",-0.760062,4.033676,1.027702,1.020925,3.936905,-0.337455,-6.605306
"83",4.687974,2.670156,5.324467,5.678236,6.654896,3.321261,-4.680662
"84",0.891669,3.780794,4.762123,5.20596,6.382974,3.514452,-2.128828
"85",-0.415941,4.30439,4.816553,-2.790074,6.319013,-6.211946,-4.450538
"86",4.545281,3.099392,3.830594,4.017575,4.037306,3.187209,-4.538591
"87",2.147152,5.211899,-0.521745,6.175598,1.198633,3.689596,-4.790839
"88",0.752697,2.598605,-2.54609,2.801719,1.599339,0.693001,-5.266771
"89",1.267832,5.530808,5.214517,3.748578,5.562437,1.163992,1.946891
"90",-1.407854,4.399279,-0.724634,2.623882,6.331067,-0.150928,-5.559361
"91",1.494456,3.817422,0.446349,-0.019028,4.906063,-1.658905,-6.784641
"92",-3.090364,2.714659,2.737039,3.256366,6.656449,1.050449,-3.37276
"93",1.565586,4.172606,5.520451,1.589647,5.945832,2.338915,-6.387101
"94",2.970005,3.906228,5.356349,2.724976,4.342472,-0.086479,-4.942513
"95",3.817877,3.454043,5.439302,1.116081,6.702143,-3.179989,-2.783448
"96",-0.584729,2.11089,4.604614,5.044899,4.721797,-0.408613,-4.644748
"97",-3.580577,4.446872,4.382795,-0.841046,5.324839,-1.856266,-3.329744
"98",0.809959,5.586701,4.253903,4.371878,1.275325,1.669779,-1.679502
"99",-0.112541,4.647495,3.323934,3.400675,2.143263,0.464442,-2.162764
"100",3.127904,1.534971,1.999414,1.337804,1.089081,-1.419873,-2.198124
"101",2.054645,3.369276,5.381482,2.939647,6.44934,-0.437615,0.633198
"102",-0.8515,4.50614,0.521964,0.334214,1.487186,-1.094387,-5.14045
"103",-1.041788,5.024248,4.566649,6.205527,6.88575,2.320123,-5.45078
"104",-0.680218,5.590341,0.318391,4.559482,3.572278,1.878657,-2.941414
"105",0.181328,4.411855,2.432145,2.065858,6.127593,0.493821,-5.765866
"106",-0.989183,4.598688,5.775767,1.040827,0.964971,-1.716156,-3.3293
"107",1.514447,5.011943,5.574144,3.144135,7.162875,0.828878,-2.735914
"108",-1.081285,2.131885,5.376284,4.162775,6.060031,1.181625,-6.425569
"109",3.165344,2.628601,5.166931,5.035736,6.501756,0.553019,0.059236
"110",-3.902633,2.736976,-0.700233,-2.208426,3.295995,-4.356453,-0.045977
"111",-3.268331,2.626119,1.292318,2.506793,6.078428,1.353246,-1.20856
"112",1.026623,2.943757,4.215675,0.055264,5.791477,3.009616,-7.234647
"113",-1.355841,4.653685,3.367368,-3.147396,2.689726,-5.873732,-6.039659
"114",-1.148135,1.846773,2.210501,3.156958,4.583582,1.745091,-10.507442
"115",3.487074,4.33864,3.119091,6.170741,3.156346,2.826964,-3.698017
"116",-1.390686,2.630911,1.164818,3.238706,6.103008,0.583851,-7.074697
"117",4.354234,3.637536,5.593327,6.232993,6.343927,3.369153,-2.323917
"118",4.878999,5.11178,5.555367,6.578781,7.054857,3.438321,-5.601394
"119",0.138601,5.509152,1.154561,0.178592,6.168806,-2.654265,-2.753478
"120",-0.38379,2.943983,2.893571,-4.714145,3.543113,1.287617,-4.545583
"121",1.272398,3.847802,4.873514,2.749325,3.703309,0.03852,-4.622924
"122",-2.302935,3.044175,0.524254,-0.038549,5.576612,-1.710141,-6.382527
"123",2.97543,4.382741,1.720868,0.268338,4.01073,-2.345382,-2.611784
"124",0.030731,4.060679,1.814011,1.611677,5.837617,0.989009,-3.390541
"125",0.399662,4.7798,-1.584894,-1.212197,4.743177,-3.624593,-3.004775
"126",-2.77985,4.043302,1.099395,-1.688578,5.95653,-1.032839,-6.908742
"127",1.119567,5.119278,1.299319,5.896354,5.946597,-0.049697,-8.415101
"128",-0.525536,1.319024,3.878526,5.139893,2.684867,2.875741,-4.198233
"129",1.633988,3.889006,0.624584,4.223853,4.223113,2.342638,-2.837995
"130",1.503315,3.394787,2.584086,6.05022,6.494446,1.85582,-4.488174
"131",2.427566,1.196401,1.818264,5.719085,5.12163,2.80125,-5.137683
"132",-2.319863,3.984892,3.539442,5.222944,4.785384,-1.295803,-6.407568
"133",-0.898076,4.025084,4.195535,2.344395,5.303605,0.673271,-6.491839
"134",-1.83884,3.913113,1.98171,1.445217,6.317021,1.097568,-6.929184
"135",-3.039243,4.919494,4.46982,5.111543,6.183595,1.085847,-3.482469
"136",3.772227,2.030098,3.910189,4.967715,6.39179,1.301819,-6.264068
"137",3.968306,3.953388,1.145104,4.538448,6.556386,2.534454,-2.981514
"138",4.250178,4.018661,4.517342,5.384899,6.551016,3.028887,-7.009998
"139",0.603634,2.218637,0.364456,2.791711,3.835437,0.13555,-6.846224
"140",3.146968,5.184562,2.255547,4.638835,4.717355,2.884144,-5.941303
"141",3.8524,5.347281,2.426689,5.924179,6.400036,2.918667,-2.677604
"142",2.107907,4.32886,1.961255,6.336694,4.720908,2.687343,-1.291981
"143",3.449855,4.120361,3.273932,4.983506,2.581697,3.024816,-6.098932
"144",0.582343,4.425529,0.154571,-1.203383,0.749873,-2.301617,-4.350893
"145",-5.5623,4.486799,-0.110093,-0.264488,5.69547,-3.361394,-3.641772
"146",-1.799392,3.576058,2.992244,1.514297,6.025361,-0.147878,-3.491462
"147",-0.677412,4.483316,2.062763,-2.251955,3.113281,-8.277289,-7.262547
"148",-2.267887,1.135527,4.750188,0.675937,1.2129,-0.058788,-6.496039
"149",-1.997501,2.82396,5.49903,-0.570282,3.575012,-2.704947,-4.303065
"150",-3.371278,4.369028,2.267511,1.738362,6.1062,-0.698009,-6.328547
"151",-0.085086,4.125594,2.784495,0.166555,6.012431,-0.724585,-5.021836
"152",-1.927,4.095765,4.985919,3.296436,5.125358,1.102422,-6.019285
"153",-0.258318,3.99488,1.550306,0.459894,1.828447,-0.788974,-5.101991
"154",-2.703162,4.215222,1.206227,1.334171,6.448536,-0.695706,-2.242549
"155",-0.79496,3.023155,3.067354,4.555871,1.346339,0.975872,-2.616886
"156",-1.958706,3.842156,1.504345,3.910258,2.717773,-1.61041,-5.780464
"157",0.694006,4.017987,-0.990889,4.707609,1.869857,1.633949,-5.545021
"158",-2.823066,3.796457,2.697788,2.357584,4.859543,1.825654,-7.330133
"159",3.093088,5.367361,1.27695,-0.086613,1.854108,-4.508092,-1.48481
"160",-3.476839,3.668881,0.217168,1.209845,-0.411275,0.18927,-6.933116
"161",0.93121,4.339258,3.933816,1.823472,6.639453,-1.0122,-5.769711
"162",0.620982,4.012898,3.562749,3.734459,2.511683,1.560222,-5.526157
"163",-1.7059,4.109267,3.363844,0.368332,6.069723,-0.881854,-2.239645
"164",4.258794,4.924787,4.134344,3.662672,5.458544,1.62853,-3.788316
"165",2.03879,2.046575,2.935054,2.506483,6.060477,4.565561,-1.702738
"166",-1.925761,3.885329,4.712074,4.733424,5.642593,-2.39277,-2.793768
"167",-1.901399,2.900171,2.469935,3.714331,5.488419,-0.153078,-6.585728
"168",-1.399072,3.697707,0.857565,2.83216,4.881488,0.475265,-3.216203
"169",0.851891,4.02121,2.288343,3.426707,3.21424,-0.669274,-4.689922
"170",-2.406822,2.13281,4.103308,3.967682,6.256151,2.166071,-6.657686
"171",-0.684634,4.583178,3.888066,5.00737,4.877515,3.646456,-3.480378
"172",-1.457943,3.74988,5.098115,-2.44355,5.565124,-3.391322,-6.857639
"173",-1.201387,3.630326,5.556732,5.028184,7.050942,3.135812,-5.564136
"174",0.223251,3.934717,5.603652,3.131668,4.908702,-1.808333,-5.340964
"175",-0.745568,3.3657,4.134584,5.340812,6.084556,2.088365,-6.64163
"176",-1.324298,3.949751,0.801929,-0.645818,1.194937,-1.235432,-5.362901
"177",-1.217667,3.900105,1.620863,0.666462,6.647499,-0.246114,-7.24102
"178",-2.218892,4.694607,0.492155,-0.120855,6.41125,-2.643362,-3.76059
"179",-0.482622,4.589788,0.61134,5.307436,6.747588,1.494194,-3.939502
"180",-2.719864,3.757997,2.906452,3.991414,4.305549,2.294441,-4.700262
"181",3.769097,5.063892,2.551101,5.344381,5.558644,2.675696,-5.488052
"182",-5.278779,0.557008,1.682097,6.381677,4.971189,2.662952,-7.991623
"183",0.704812,4.465357,4.647248,5.434829,4.045707,1.42261,-4.625125
"184",-0.635417,4.960599,0.99925,-2.661096,4.663715,-5.216697,-5.298012
"185",2.55112,2.099907,2.935615,3.903934,5.225826,-0.239191,-9.401425
"186",-3.153172,3.296782,0.641193,0.111981,5.902057,-2.098892,-1.192377
"187",-3.213756,3.436618,0.234037,-0.526315,4.693841,-3.368895,-6.403321
"188",-2.242555,4.204561,2.874003,0.258777,6.052882,-4.26243,-6.86486
"189",0.673451,3.576634,1.571485,-0.380878,5.286812,-0.55253,-2.391536
"190",-0.875111,4.179068,1.456615,2.965183,4.218427,-0.320501,-8.444085
"191",-1.548145,4.362347,3.359645,0.018514,5.27827,-2.078817,-3.863981
"192",-1.077256,4.693492,1.170103,1.73433,6.453504,-0.351317,-7.922481
"193",-4.679092,1.055013,0.11139,-1.180755,4.938455,-2.005339,-7.148255
"194",3.298806,4.449559,4.530658,6.299615,5.850661,3.279056,-3.888592
"195",0.582761,2.254996,4.08472,3.620931,2.774785,1.346404,-3.365253
"196",-1.775702,3.701465,0.49689,1.72859,5.814818,0.223453,-3.852117
"197",-3.001368,4.270584,3.956115,-3.01647,0.972962,-4.713415,-6.365556
"198",-3.417676,3.517074,1.52723,-2.429595,6.511413,-5.007599,-7.602359
"199",-0.729451,4.617131,4.486602,1.795684,6.626179,-0.678267,-4.201839
"200",1.57804,3.485285,4.405681,0.889157,7.127733,-1.788292,-3.157344
"201",-1.327796,3.61092,0.819003,-2.103421,5.067042,-5.133762,-5.82895
"202",0.510373,2.953097,3.200434,0.498831,-0.917007,-0.167746,-8.022323
"203",-2.629981,4.887754,2.880034,0.564698,7.060382,-4.359356,-2.159775
"204",-1.130635,3.516432,1.319558,-0.099594,4.546448,-1.340628,-5.948725
"205",1.276518,3.060282,4.11516,0.387026,6.293731,-0.327939,-4.94609
"206",-0.562492,3.16508,3.032668,4.925076,6.509922,3.15875,-0.856299
"207",-2.578485,4.89044,2.490439,3.606679,4.734922,1.428955,0.352971
"208",-1.244487,3.718299,1.30251,-0.446671,6.392886,-3.577032,-5.569759
"209",-1.55638,4.940087,1.12301,-1.064579,6.372215,-3.971092,-5.976984
"210",3.146274,3.999919,4.687544,1.433026,6.660114,-2.613528,-7.841948
"211",-0.235181,3.804659,5.374821,1.611392,2.641533,-1.064021,-7.05468
"212",3.223695,2.128253,3.951861,2.192944,3.868606,0.910451,-2.338647
"213",4.965424,5.175036,3.780366,6.213489,3.775832,3.392832,-4.655882
"214",-2.583548,3.660022,-0.299569,-3.66254,6.092409,-4.571128,-3.812645
"215",-7.805553,4.323277,2.462309,0.638058,5.748216,-0.365459,-5.50569
"216",3.52795,4.012258,4.77418,4.385253,1.484807,0.34897,-2.906846
"217",0.586446,3.848718,4.748038,3.996536,6.011837,2.36446,-5.055523
"218",3.92065,4.681749,2.002842,4.049969,6.57,1.91787,-4.957217
"219",1.275315,4.372399,-1.039659,3.80266,3.419937,1.044166,-4.306588
"220",-1.299564,3.587551,3.038494,5.396616,5.503518,2.641403,-6.564013
"221",3.19168,4.946486,1.531695,5.572575,2.754966,0.465664,0.198423
"222",-1.676369,2.722481,2.788091,5.403497,2.673828,3.117463,-5.295591
"223",0.06982,5.307131,0.300606,3.907305,2.142291,1.405493,1.113812
"224",-0.978383,5.49225,-0.382126,2.459095,0.683164,0.337204,1.667749
"225",2.749562,5.531407,3.725466,5.922388,5.66915,3.432311,-4.852938
"226",0.216009,4.213081,4.532495,1.983094,3.39986,-0.537449,-5.746356
"227",-0.338156,5.233972,0.405781,4.387845,4.914623,-0.011229,-1.770141
"228",0.339348,5.431104,5.194563,4.742393,5.861412,2.054327,-4.543852
"229",1.941006,5.188516,0.264558,3.367057,4.634129,2.505241,-5.14673
"230",2.50088,4.904864,-1.290499,4.042239,3.909067,3.001398,-6.258436
"231",1.808159,4.015122,3.018957,1.030926,1.126538,-0.021962,-7.390209
"232",-1.405329,3.565858,3.188085,0.988809,6.751587,-0.061582,-3.361236
"233",0.937665,4.654437,4.537526,5.988803,3.437726,2.804572,-4.703768
"234",-3.098972,2.85384,3.987434,1.683557,4.269988,-1.588109,-6.103142
"235",2.430752,3.26372,0.80503,-3.763823,4.596323,-5.835556,-2.962258
"236",0.264635,3.121529,5.486942,3.632342,6.064526,2.189437,-5.543
"237",-1.69314,2.280942,3.697849,0.879918,1.911754,0.9432,-2.474017
"238",-1.72966,4.000981,0.275927,0.516517,6.20135,-0.916036,-5.866593
"239",-3.046416,3.989846,4.504059,3.529035,5.0478,0.502614,-7.290718
"240",1.369849,4.980448,5.440557,5.035116,5.802759,1.607245,-2.664426
"241",-4.301363,4.03112,1.821307,0.232065,1.104007,-1.001262,-6.342775
"242",2.942375,4.245439,1.969174,-1.005325,6.729783,-1.32743,0.469078
"243",0.31364,3.977988,4.681639,2.463005,6.650087,-0.057044,-5.107117
"244",-0.278812,5.584263,1.83639,-1.485375,5.854333,-3.297955,-0.227942
"245",2.815397,3.977912,-0.156785,1.378365,6.781391,-0.305331,-6.704284
"246",-2.949717,4.299974,2.545174,1.22452,4.587763,-0.319222,-7.603106
"247",-1.466026,3.606052,1.864068,5.243156,4.733083,2.41817,-7.7176
"248",-3.288769,4.617931,-0.437949,0.524415,4.973321,-2.256142,-6.884841
"249",2.171216,3.036619,1.224156,1.960694,6.767759,1.03473,-8.226933
"250",-3.068583,1.766947,4.403065,4.036873,6.223913,-1.290819,-9.514302
"251",-1.703776,4.644351,1.410497,1.085772,5.801956,-1.442424,-4.562264
"252",-1.100126,4.20852,3.278342,4.704322,4.999021,1.135244,-4.882045
"253",-0.473964,3.409173,0.640407,3.982215,4.165853,1.19851,-5.136297
"254",4.80399,5.223524,1.794317,6.154629,6.437645,3.53599,-3.073783
"255",1.869986,5.245724,0.150808,5.554863,1.080869,1.560798,-4.534999
"256",-0.177527,4.84362,-1.704573,-1.624252,3.403499,-3.785343,-3.969522
"257",2.737052,2.274171,5.609573,-0.651316,2.484305,-2.093607,-1.061088
"258",-2.938232,3.128552,0.213378,0.088293,6.612451,-2.819227,-6.215573
"259",-2.297203,3.268912,-0.621427,1.193413,1.296664,-2.725379,-5.194244
"260",-1.355686,4.831963,4.063942,-2.55732,3.498921,-4.498164,-4.03918
"261",1.467989,4.585132,5.559434,0.770921,3.872876,-2.815294,-4.010175
"262",0.791156,3.31851,-0.185079,5.191563,6.724389,3.649991,-4.772595
"263",-1.974524,3.006381,4.063633,2.550906,6.757354,2.172523,-5.110294
"264",4.945649,2.492784,4.114322,3.74748,2.117682,2.3063,-4.362211
"265",3.212651,4.411326,4.693243,5.04253,4.934042,2.429592,-8.080213
"266",-2.438577,4.147467,3.342021,-1.277038,6.516764,-2.086211,-7.719496
"267",-1.698125,3.794061,4.08099,4.553832,7.035215,2.897177,-5.327672
"268",-0.87497,4.103172,5.094906,3.676503,6.064008,2.426576,-1.993383
"269",-0.223094,2.557331,4.990511,6.018173,0.971983,3.195671,-5.458863
"270",2.109225,4.926527,3.688703,4.145484,3.453009,2.858642,-5.438485
"271",-4.205671,-0.448407,-0.099335,-0.741136,1.349824,-3.234287,-0.958281
"272",1.690662,4.659954,5.26901,0.482046,5.610165,-1.646285,-6.999852
"273",0.32998,2.167236,5.335619,0.918715,5.681275,-0.586097,-6.94834
"274",-0.765134,3.188817,4.240418,-0.909171,6.646388,-1.081812,-3.745655
"275",-1.428748,4.184317,5.109664,-0.882391,1.915489,-2.164296,-3.412774
"276",-1.949978,3.378463,4.776874,5.377762,6.585477,3.302483,-4.150678
"277",-1.095474,3.190467,4.828631,5.613883,6.773251,2.188138,-9.497984
"278",4.836235,0.728237,5.349463,6.341059,6.865668,3.053533,-3.862535
"279",-2.77464,4.532603,4.333972,1.376101,3.555369,1.650874,-5.234571
"280",-3.995533,3.97117,1.21579,0.728141,5.235238,-1.67646,-8.39113
"281",1.640686,4.46299,0.681474,-0.925704,1.794462,-2.728907,-6.294138
"282",-2.404909,3.524887,5.304668,3.503704,6.073311,2.747911,-6.617696
"283",-2.536719,3.908521,1.50139,-3.554226,6.489642,-6.53754,-3.288034
"284",0.353264,3.275819,4.034456,4.073741,4.609527,2.25458,-5.7905
"285",-2.335379,3.376452,4.907835,5.090679,1.694227,1.350135,-9.354538
"286",-1.457715,4.156133,2.621294,3.109605,4.723283,2.358669,-0.055821
"287",-3.395001,4.543101,2.364582,0.942339,2.688599,-2.214027,-0.864851
"288",3.809323,2.103071,3.863355,0.115456,6.24569,-1.823097,-3.704485
"289",-3.565462,4.025244,3.385113,3.989743,5.414116,-0.106853,-4.102745
"290",-0.3978,3.378426,4.669676,5.990015,6.59982,3.177955,-2.487132
"291",3.46999,2.414413,1.62153,1.73687,6.542116,-2.051194,-6.346264
"292",-2.472984,2.365557,0.601954,2.470014,5.06632,-0.512296,-5.160898
"293",2.11774,5.211497,-1.886959,-0.534691,5.209409,-2.166965,-6.48573
"294",-4.431589,2.320275,0.715222,-0.64224,1.7571,-3.732392,-6.982951
"295",-4.09867,3.414872,1.173818,2.906539,2.331858,2.940774,-6.226981
"296",0.591897,4.666777,5.08029,5.388276,6.670544,2.408553,-2.500945
"297",-2.052208,4.571237,3.770333,1.884335,3.299529,0.280551,-5.920509
"298",-0.901246,5.433557,2.786837,2.791223,6.687844,1.778897,0.570635
"299",0.761323,2.792465,5.112958,1.03745,6.208014,-1.107179,-8.711208
"300",-1.338169,3.638986,0.747208,5.617002,6.20539,-2.343376,-7.02092
"301",4.914814,4.581835,3.169119,5.861401,5.043204,2.967591,-4.891843
"302",-5.65629,4.08956,0.051071,-1.137904,6.182597,-4.48494,-6.635036
"303",-0.531314,3.318651,1.576737,3.225271,5.889647,3.113339,-5.934061
"304",-0.338972,3.09849,1.316619,0.957998,6.009805,-0.400765,-7.680759
"305",1.270554,4.543632,4.793284,0.771977,2.110936,-1.487943,-6.0063
"306",4.9449,4.585362,4.616954,6.341066,4.721991,3.570824,-1.236548
"307",-0.814408,3.140967,-0.236371,2.365321,4.156858,2.193674,-4.053449
"308",-0.788883,4.184344,4.11866,1.440748,6.68214,1.613637,-4.792791
"309",4.151942,3.500356,5.366024,5.802365,4.337012,1.865485,-7.013023
"310",2.000301,2.748496,4.968059,5.559179,7.07042,3.579537,-4.580751
"311",-0.584078,5.120246,0.979796,1.125726,0.945661,0.571184,1.541353
"312",-2.681957,2.97704,-0.233677,-0.924001,0.404732,-4.941626,-6.142657
"313",-1.395827,3.683865,4.36487,-0.981207,4.784114,-3.525671,-4.068825
"314",-2.228223,3.511205,1.402071,-0.284109,4.920309,-4.236937,-0.274908
"315",2.705731,2.164361,1.427259,5.287267,0.651941,3.203343,-6.129364
"316",0.125259,4.524618,5.279878,2.482811,1.166164,-2.298407,-4.5058
"317",0.304802,3.346305,4.723186,4.794369,2.442607,3.23083,-2.882121
"318",-0.998897,3.799584,1.475574,5.269622,6.488815,2.806244,-7.712844
"319",2.780563,4.48768,2.859645,1.872365,6.489096,-0.996696,-4.801699
"320",1.254731,5.014801,4.663958,-0.02251,1.88127,-1.688156,-4.542266
"321",3.474684,4.683023,3.445624,6.471154,5.290392,0.165697,-4.04311
"322",-1.306104,4.288172,5.425941,-0.5854,0.97582,-2.551073,-4.81959
"323",0.097847,4.866753,2.678019,6.633433,7.372588,3.290308,-4.749031
"324",0.544654,4.008891,0.935416,5.781369,6.472191,3.421297,-5.856346
"325",-1.239398,4.808176,2.529769,2.807974,6.561808,1.08262,-5.213083
"326",4.03958,3.839794,5.787172,6.007708,6.85892,3.583805,-2.195282
"327",-1.503944,5.264643,4.914721,3.594784,6.848922,1.350918,-2.849179
"328",-1.814902,1.871066,2.151499,2.672729,5.235451,-1.681694,-7.035593
"329",-1.270312,3.465761,4.231655,3.141945,5.26685,-2.084389,-6.996401
"330",-1.6776,5.441169,3.104169,2.223282,6.619402,0.045125,-2.902428
"331",-1.508027,1.764398,2.958688,-0.80749,4.404162,-4.248029,-7.279866
"332",-0.052718,2.075673,3.725788,1.498162,2.59676,-1.515904,-3.173845
"333",-0.785939,5.423417,3.905725,1.796723,3.580231,0.492477,-2.1242
"334",-2.057737,4.841207,2.345211,-0.117501,2.768824,-4.494605,-1.42431
"335",3.027741,4.396013,0.692585,3.302674,5.416294,0.964491,-0.455506
"336",-3.953169,4.207508,1.229091,4.86718,3.909261,-0.241146,-4.859083
"337",-2.758156,4.290705,1.378692,3.23726,6.418878,2.897404,-2.437652
"338",-0.639987,5.078712,5.495732,5.460706,6.283072,3.161442,-7.005797
"339",-2.341487,4.167155,1.252198,0.894212,6.449318,-0.26813,-4.794118
"340",-0.954242,4.302324,2.344183,3.366383,5.006041,0.25396,-3.862422
"341",0.309729,4.329502,2.292909,3.622407,5.788749,2.65331,0.190955
"342",-2.445963,4.527514,0.328751,0.873972,6.820748,-1.544523,-6.423829
"343",2.058043,3.730866,5.366859,6.178234,6.664177,2.999046,-2.468298
"344",-1.724009,2.153367,1.098338,0.219519,5.514274,-3.122565,-7.055916
"345",1.170861,5.054306,2.625449,4.051462,6.574694,2.84407,0.676601
"346",-2.916156,3.887407,0.783779,1.907527,5.02738,1.147677,-7.26574
"347",0.266253,4.260409,4.230276,2.970662,3.316671,2.600509,-0.845395
"348",-1.750541,3.992328,5.410996,0.881746,3.80718,-2.291251,-5.774184
"349",-0.565363,4.140752,4.062617,1.810227,4.24012,-0.348865,-4.159088
"350",3.368856,4.890146,5.00721,6.261506,4.87326,3.404238,-4.287549
"351",-1.740928,5.076781,4.427073,5.754571,5.287854,2.808617,-5.255817
"352",0.793127,5.242399,5.482327,2.395463,6.573455,1.041583,1.077502
"353",-1.039668,4.175488,2.003448,3.359644,5.313198,-0.004114,-7.656981
"354",0.638477,4.863317,4.822874,3.553058,2.105501,1.69586,-3.168843
"355",-0.73613,5.190558,3.802246,-0.924954,6.733031,-3.069157,0.581183
"356",-3.441437,5.249403,1.209152,1.937642,4.796349,-1.532477,-3.739741
"357",-1.907932,4.368418,5.500727,-0.141681,5.969059,-1.356892,-3.25693
"358",-1.06042,2.978805,4.928128,0.627641,5.401295,-0.019352,-4.369984
"359",-1.969281,3.659291,4.194738,2.340275,6.649612,0.978007,-1.277804
"360",-2.135636,2.579791,2.845291,3.664355,1.531946,1.312904,-3.8153
"361",-2.031765,4.247503,-0.81854,-0.446778,1.137923,-3.049286,-6.557587
"362",3.63654,5.061134,5.576062,5.997279,6.995324,3.272355,0.747432
"363",-0.375036,4.07327,2.3437,2.799281,2.008051,-1.164863,-5.998075
"364",0.704765,4.553717,5.643712,3.546039,3.612783,0.371804,-5.981273
"365",4.463196,5.488757,5.554359,4.864729,6.821069,3.346019,-3.845077
"366",-3.925179,3.173812,-0.490405,0.924775,1.591532,-1.933401,-8.006361
"367",-0.502545,4.836437,2.773306,0.791563,5.625913,0.923672,-4.435132
"368",-0.949264,3.405826,5.350779,4.805692,5.745303,1.077266,-5.826205
"369",3.812377,5.574684,2.665996,5.204085,5.372771,3.505856,-3.766824
"370",2.282419,5.251421,1.830347,6.080836,6.178435,3.786111,-4.928656
"371",0.371981,4.113825,5.499433,1.742351,6.755137,0.318404,-4.454079
"372",-1.732606,5.235901,5.257695,1.859708,6.558865,2.718949,-2.722611
"373",-1.053586,3.538353,0.782035,3.185696,4.110953,-0.820902,-3.503494
"374",0.096708,3.201665,4.150312,3.605335,6.143975,0.510916,-6.321986
"375",-1.420112,3.79111,4.884613,-0.420273,3.124031,-3.353035,-5.975935
"376",1.481004,2.422498,4.404959,6.281273,6.992773,2.901671,-8.040742
"377",3.918419,4.606986,2.429356,5.591148,5.374931,3.269679,-3.306771
"378",-2.876657,3.349469,2.518237,2.196312,6.787729,-1.464082,-4.441285
"379",2.179783,5.170163,5.454718,5.025041,4.28855,2.349393,-2.76871
"380",-0.48836,5.708294,3.654813,5.656753,5.812413,3.203606,-3.47376
"381",-3.74023,5.54763,4.359285,0.339419,6.109633,-1.384454,-3.491899
"382",1.365603,4.955584,4.549051,2.019935,0.195336,-0.066387,-5.64658
"383",0.765498,4.670097,3.336585,0.185021,1.391179,-0.223082,-7.022713
"384",-1.732768,5.073299,1.186035,0.556608,0.559245,-1.462838,-6.164379
"385",-1.228354,3.535638,1.80467,1.852193,2.51911,0.761428,-6.345415
"386",-0.00568,4.957259,1.015913,-4.05781,2.898774,-5.730893,-4.761416
"387",-0.025426,2.109348,1.292743,2.281995,4.583234,0.507016,-5.90866
"388",-1.932566,0.124171,0.257399,1.467111,5.097854,-1.045115,-6.758181
"389",-1.290234,3.584139,3.36022,3.386732,4.857225,1.37848,-6.460448
"390",4.141692,3.468075,5.110231,5.441439,5.320624,-0.041448,-4.833971
"391",0.168107,3.007871,2.110814,1.660404,4.124794,0.335795,-6.129074
"392",2.017963,5.102416,2.05051,-8.41197,1.678527,-11.474048,-5.787232
"393",2.650438,3.321382,3.996187,5.987564,4.665197,-0.216121,-6.882948
"394",-3.481085,2.026132,3.897726,2.643397,6.709383,0.010693,-5.368566
"395",-0.161336,2.852317,3.63119,1.898676,6.92325,0.539166,-4.875322
"396",-2.137319,3.7618,1.04733,1.619553,7.066457,-2.300285,-3.315076
"397",1.52159,4.067107,0.516118,-0.692261,1.717412,-4.233152,-5.496959
"398",4.625262,5.373121,5.28603,4.83285,7.085788,3.274326,-2.741716
"399",-1.40614,3.529919,1.017666,2.912006,1.747263,-1.990402,-6.720294
"400",-0.521871,3.82068,4.359732,4.428274,3.671686,0.571422,-5.488953
"401",0.528313,3.925312,0.695318,2.224617,4.458918,0.927395,-6.430317
"402",-3.358237,4.268519,2.172049,-1.451615,6.038315,-4.850672,-5.863924
"403",-2.450844,4.368867,3.77691,1.895345,6.37559,0.482707,-6.846956
"404",4.952337,5.37614,5.129656,5.9974,6.447898,2.63905,-4.508235
"405",3.188989,3.082464,-0.014884,5.312454,1.843243,3.443513,-5.40588
"406",4.366701,5.672562,4.006578,1.879526,6.710396,-0.253358,1.8209
"407",0.306693,3.78073,2.19697,5.143803,0.764858,2.208931,-8.658387
"408",-2.274409,4.045093,4.521979,-0.263508,6.17286,-1.605203,-8.932776
"409",-0.631545,3.629454,4.984371,4.566513,4.695263,0.29703,-3.46969
"410",-0.887461,2.684941,4.414118,4.281252,5.712109,-0.612934,-6.794769
"411",-3.195918,4.574425,0.256227,1.426883,6.448017,2.657078,-5.469436
"412",-2.535251,1.989891,4.631203,4.327763,5.592156,2.204818,-3.756351
"413",4.300226,4.956934,3.444819,5.709765,6.615775,3.439927,-4.746325
"414",1.317105,5.297388,3.640023,5.475246,4.408505,-1.271083,-4.318847
"415",-3.07844,4.038229,4.252052,-1.618411,6.327267,-3.258461,-8.661709
"416",3.284305,5.31306,0.096001,5.861982,1.094445,2.37131,-6.737529
"417",2.615278,3.525871,4.081958,3.422902,2.182331,1.428923,-3.927616
"418",0.05361,4.176032,2.206234,-1.993371,5.678195,-3.060827,-4.185062
"419",3.928829,4.853089,1.867576,5.144067,1.97142,3.331654,-6.342173
"420",-0.292856,3.930628,4.214116,0.283095,6.739928,-0.788952,-3.709127
"421",-2.140116,4.082722,4.001297,0.328738,1.263946,-2.956083,-9.645172
"422",3.080442,5.036901,5.308331,6.547545,6.845505,3.548212,0.507056
"423",4.034902,4.152354,3.509408,4.037633,3.381469,-2.437972,-3.343993
"424",-0.92384,3.266701,1.595298,3.686963,4.599523,0.925784,-0.834769
"425",1.473222,4.172301,2.041625,2.340218,2.072434,2.288926,-6.173969
"426",1.522679,5.685216,1.237339,3.525557,1.470741,2.651785,-6.503599
"427",-5.364941,5.043292,3.215794,-0.272871,5.543872,-1.171611,-6.860141
"428",-1.216273,4.252025,0.878091,1.18537,5.306321,-1.143342,-5.003825
"429",4.395245,2.449844,2.319936,6.167705,5.319829,3.319712,-5.414564
"430",0.261312,5.355906,-1.426118,1.937219,0.341194,0.634068,-3.920136
"431",4.431245,3.8664,-0.721877,4.941463,0.713714,3.366707,-6.206226
"432",-1.963627,3.941264,2.798152,0.462157,4.655781,-3.019561,-7.395093
"433",-1.654628,4.287591,2.411615,-3.395703,1.860084,-4.370658,-4.245761
"434",-2.003833,4.010955,2.337676,0.663525,4.583576,-2.058805,-5.680898
"435",3.877914,4.065638,4.736088,6.287588,5.925152,3.472141,-2.254571
"436",4.051708,4.6675,0.118568,5.28142,3.61896,2.209494,-4.643761
"437",-1.178236,1.626607,2.209629,2.361219,5.460884,0.320539,0.919666
"438",-2.06439,3.810968,1.096659,1.371937,4.689297,1.770502,-1.066928
"439",3.80875,3.309765,4.203406,6.162201,6.399489,2.287969,-0.082928
"440",-1.603547,3.869794,3.59978,4.058549,5.91752,2.434235,-7.000413
"441",0.872599,4.25917,0.481215,2.541079,5.285597,0.955964,-5.119185
"442",-1.403941,3.055174,1.978812,-0.712776,6.453557,-1.460197,-6.707
"443",-1.727261,3.315463,1.861846,1.609238,5.638174,-0.825405,-7.039478
"444",-1.788781,3.406396,2.869514,2.468592,5.986653,2.586557,-2.100436
"445",4.098068,5.044059,1.226254,4.785504,6.553918,3.353885,0.704356
"446",3.440604,3.599631,2.487784,1.851415,6.371108,-1.276424,-5.664617
"447",-0.876407,4.506961,1.442522,2.534862,6.690322,-1.11456,-5.369735
"448",-2.740785,4.087802,1.009087,2.779445,4.658926,1.233354,-6.256443
"449",-2.705835,5.125652,2.712325,0.793342,6.026858,-0.396571,-6.087332
"450",-0.099981,-1.753342,4.884295,6.21279,2.530309,0.12537,-5.313622
"451",4.376534,4.999955,5.45149,0.968916,2.550157,-3.086571,-3.959375
"452",-1.144217,4.771663,4.033388,-1.844543,1.038706,-2.093988,-6.1723
"453",-2.960199,4.651205,4.723838,-1.541287,2.152656,-4.661272,-4.696183
"454",2.465095,3.554396,0.696864,0.719181,1.319879,-1.703864,-6.801232
"455",-3.479453,3.052374,1.158196,2.386366,3.150699,-1.246285,-7.05107
"456",-2.131625,4.808137,0.282739,-1.314674,6.67515,-4.065004,-4.934923
"457",-1.975454,4.49142,1.023258,1.718307,2.257437,-0.014422,-0.048566
"458",-2.178481,4.055511,3.014361,-2.163659,5.41816,-6.489804,-0.415768
"459",1.059908,3.359589,4.837979,-0.28337,6.043243,-2.457739,-3.869173
"460",-0.092279,3.40981,4.99503,2.414376,2.297046,0.179807,-6.612855
"461",-3.322634,3.630137,1.178128,0.299845,5.176197,-1.136802,-6.689693
"462",3.528741,4.492617,5.418184,6.916686,7.156191,3.782961,-4.059697
"463",1.237539,3.930528,3.9636,-0.547794,7.24937,-4.227883,0.054185
"464",0.894603,5.22628,0.663144,5.963458,5.44563,1.734721,-4.880592
"465",1.578997,5.052437,4.228386,0.633672,5.805572,-1.1907,-0.047216
"466",1.134796,4.77443,2.029014,4.99119,4.670198,3.010427,-4.601349
"467",-1.244106,3.604098,0.096354,3.106089,6.690589,0.633585,-6.505596
"468",-2.998485,3.93602,4.085252,2.583946,6.35341,-1.669283,-3.432522
"469",-2.291934,4.031161,1.468437,1.624405,5.465515,-0.935262,-4.6679
"470",2.051487,2.37407,2.585113,4.984461,1.709814,2.485556,-7.467639
"471",0.640241,4.043764,1.173664,-0.483006,6.887058,-3.566395,-5.175034
"472",2.237157,2.967358,4.440861,1.59436,6.941203,-0.659587,-6.397368
"473",3.213828,0.800474,1.9983,1.346915,6.695019,-0.553051,-6.263212
"474",0.74494,4.461042,4.451464,-0.280371,5.381137,-1.041379,-2.761075
"475",0.440558,3.497241,2.361218,2.064203,3.725897,-0.708531,-5.449734
"476",-2.724834,2.570214,1.462761,2.206497,0.264585,2.116882,-5.61241
"477",3.230555,4.298107,-0.049747,2.098403,5.682115,0.246531,-7.234599
"478",1.681743,4.276491,3.735227,5.864141,5.398136,3.054568,-3.384429
"479",-1.807106,4.663646,5.305953,2.017374,3.495903,0.030089,-5.151385
"480",2.497667,4.12224,-0.303845,1.464606,5.831497,1.055611,-5.296011
"481",0.547249,4.542529,4.31174,1.79677,5.005728,-0.789451,-1.123966
"482",3.169264,4.399726,4.201263,1.418975,4.828194,-1.340131,-2.962307
"483",-1.913396,4.519329,2.133533,3.88917,2.510301,2.564841,-4.225891
"484",-1.220976,2.96157,1.738871,0.700998,6.383398,-0.309035,-10.754268
"485",-1.078911,3.745529,5.39134,2.981558,7.180034,2.97438,-6.51334
"486",-2.107273,4.522598,3.256768,2.93615,5.784612,-0.02859,-3.405241
"487",-2.98797,4.217553,1.180148,2.288621,2.769558,0.241292,-5.47342
"488",-1.709066,4.183463,3.656573,-0.783115,7.009412,-3.613273,-7.341481
"489",-1.092664,2.906904,2.583884,-1.277031,6.438804,-4.205463,-6.222185
"490",-3.169389,3.703155,2.078266,-0.276547,0.919817,-2.382543,1.444085
"491",0.103944,3.037912,3.3789,2.751793,4.771982,-0.298968,-6.003491
"492",0.075385,4.344182,4.317263,5.415675,2.828093,1.314129,-3.912758
"493",2.07449,4.918612,4.145878,1.697524,5.672898,-0.93172,-4.030136
"494",-1.230073,3.93116,0.438302,2.168747,1.880338,-0.783158,-7.738507
"495",-3.232608,2.736873,4.289594,0.404979,5.72034,-0.03138,-6.87242
"496",-0.1293,3.953325,4.764136,4.940701,6.586109,-0.021304,0.380323
"497",-2.255149,4.456088,4.638809,3.405221,6.67179,-0.343356,-2.862414
"498",-1.103857,4.330297,1.168803,4.62529,4.929323,-3.926838,-3.880196
"499",3.020349,4.051341,4.488049,4.712473,4.143683,3.041046,-1.279523
"500",2.937549,4.187639,5.568929,4.787836,6.66165,2.903053,-8.335819
"501",-3.193536,4.685242,4.480653,3.344435,5.922033,1.988,-3.914151
"502",-2.819345,4.389227,4.692994,2.299922,5.885699,2.249691,-5.404336
"503",-2.385573,3.366897,2.093168,2.682643,6.949109,-0.212877,-6.204293
"504",-0.88075,2.739099,4.911656,2.738623,6.209117,1.446438,-7.237365
"505",-2.10688,4.160481,1.621392,2.242723,4.518731,0.442775,-6.722345
"506",-1.635138,1.263855,0.183553,0.188441,6.264482,-1.838449,-5.20776
"507",-1.908581,3.552281,0.353428,-3.009457,5.85834,-4.317276,-8.397426
"508",2.003233,4.98644,4.625379,1.509172,5.040025,0.025331,-5.794741
"509",-1.35674,5.040053,5.0581,2.63196,5.697215,0.763008,-3.772743
"510",-2.183572,3.636301,3.260661,0.113638,6.51921,-1.363573,-9.105528
"511",-1.523907,4.164359,2.776458,3.766873,5.927301,1.683599,-6.457945
"512",-1.841594,4.915523,3.874348,0.054222,6.737438,-1.807722,-5.428437
"513",-2.520414,4.618238,5.227974,2.009192,5.929358,1.222945,-3.230327
"514",0.000836,4.028611,2.567005,3.835837,5.638782,0.027084,-5.895526
"515",4.739576,5.403151,5.217056,2.611339,5.433179,1.188964,-4.306722
"516",-1.464602,3.901266,0.758271,0.791999,5.635297,-0.582933,-6.191577
"517",2.934915,3.956254,2.817211,4.071447,1.656047,-0.733152,0.948062
"518",-2.955796,4.600915,2.780465,2.124479,6.022041,1.371052,-6.289429
"519",-3.222574,2.641965,0.836853,-0.818134,5.761363,-4.191089,-2.791051
"520",-1.288102,3.599996,4.010848,1.897884,5.937184,-0.560695,-4.018544
"521",-1.761842,4.110897,0.302206,1.010812,1.068392,0.470135,0.695518
"522",3.427811,1.415587,1.584648,5.873309,6.002897,3.667718,-4.859027
"523",-2.272387,5.761568,3.497269,2.573287,6.528625,0.903732,-3.825772
"524",-1.582466,3.625877,2.969946,5.583171,4.939993,2.831229,-5.771054
"525",-2.251425,3.776565,5.037854,3.689293,5.445458,-1.433546,-4.528117
"526",-0.556999,3.554502,4.727134,-2.707505,2.473971,-4.225552,-3.516061
"527",-1.132366,4.167899,4.396905,6.204889,2.877157,1.208774,-2.0513
"528",-0.78812,4.275242,1.130148,3.228281,5.670766,1.918385,-6.290993
"529",-0.59359,4.241212,5.134211,5.541993,4.495807,3.957234,-2.742408
"530",-3.308401,4.196586,3.516874,1.294099,3.779718,-0.795707,-5.780702
"531",-1.983223,4.379654,2.026918,2.890224,6.251866,1.610387,-8.906268
"532",-3.280229,3.83912,5.349106,-0.864867,1.936192,-3.026117,0.130276
"533",1.32155,4.855747,-0.232037,3.759381,4.043529,2.445628,-5.485584
"534",-0.796736,4.775401,5.453496,3.438951,6.625099,3.289801,-1.053395
"535",-2.981567,4.340132,1.14647,-0.063962,5.11543,-0.783906,-6.69424
"536",0.935886,1.640547,5.547588,4.603497,4.628218,0.234546,-5.191404
"537",-0.995596,1.814866,1.969082,2.51641,6.548444,1.906894,-2.961623
