"","X17.AAG","AEW541","AZD0530","AZD6244","Erlotinib","LBW242","Lapatinib","Nutlin.3","PD.0325901","PF2341066","PHA.665752","Paclitaxel","Sorafenib","TAE684","TKI258","Topotecan"
"LN18_CENTRAL_NERVOUS_SYSTEM",5.1669,1.4906,0.7022,0.2497,0.3233,1.2075,0.369,0.1367,0.7033,1.6642,1.2814,5.1481,0.4215,1.3576,1.2562,3.3191
"HEPG2_LIVER",5.3606,1.529,0.3882,3.0232,0.1433,0.7298,0.2365,0.6041,3.9209,0.744,0.2249,4.8993,0.2541,1.5851,0.9497,2.7849
"MIAPACA2_PANCREAS",4.5336,1.4882,1.5617,2.824,0.07553,0.3787,0.429,0.23,3.7488,1.0965,0.5045,5.7431,0.7994,2.0974,0.735,3.8799
"MCAS_OVARY",3.6897,0.913,0.8336,0.7299,0.05463,0.3144,0.6464,0,2.0873,0.612,0.02942,6.4269,0.4575,1.0451,0.7375,2.5156
"SBC5_LUNG",2.6699,0.6521,0.04244,0.5487,0.1555,0.3379,0.2793,0.5119,0.9161,0.8519,0.2232,6.4903,0.539,0.6623,1.0095,3.162
"IPC298_SKIN",3.5373,0.9805,0.04946,3.8036,0.5104,0.1968,0.2847,0.01412,5.61,0.1298,0.1498,5.3262,0.6293,0.4449,1.4256,2.6856
"CAPAN2_PANCREAS",3.905,1.657,1.7225,1.5237,0.399,0.3136,0.6047,0.7347,3.115,1.1095,0.1632,3.4066,0,2.4551,0.2457,1.2993
"HS766T_PANCREAS",3.2746,0.3245,1.7451,2.7227,0.6797,0.006976,0.3614,0.6257,3.6998,0.846,0,3.1435,0.2793,1.623,0.6438,0.9675
"EFO27_OVARY",2.7526,0.2644,1.3038,0.3168,0.8427,0.2594,0.9129,0,0.9157,0.1799,0,3.8972,0.326,0.4506,0.7044,2.1093
"A2780_OVARY",4.7559,0.6674,0.3709,2.5348,0.2241,0.3406,0.6209,0.9955,3.6018,1.3639,0.03508,6.5225,0.9908,1.9146,1.8416,4.6525
"IGROV1_OVARY",2.6076,0.3161,1.9254,0.6622,1.1493,0.06797,0.8646,0.2323,1.8264,0.1002,0.05415,3.7989,0.8575,0.568,0.8688,3.0213
"NCIH211_LUNG",3.2255,1.4213,0.61,0.6744,0.1121,1.6828,0.6736,0.1456,0.9559,0.6209,0.3437,5.7354,0.7736,1.3403,1.1127,3.8351
"SKMEL24_SKIN",3.5284,1.1943,0.514,2.0305,0.1272,0.795,0.3248,0.3876,2.8012,0.3011,0.2063,3.0234,0.06075,1.0744,0.339,1.972
"K029AX_SKIN",2.73,1.4618,0.04896,2.493,0.03277,0.2338,0.6687,0.6093,3.6445,0.5345,0.6852,5.2658,0.5472,0.8642,0.7623,2.5552
"HS695T_SKIN",3.3577,0.9336,0.3278,1.5491,0.0222,0.8372,0.3009,0.4623,2.3595,0.4068,0.2251,3.3945,0.09031,0.9149,0.5711,2.2942
"CHL1_SKIN",3.2799,0.8222,1.1383,0.7278,1.207,0.4602,2.0464,0.28,0.8246,0.1746,0.5543,5.8572,0.6945,1.4133,1.0597,2.8476
"LOUNH91_LUNG",2.6406,0.3336,0.8153,0.4429,1.0477,0.9006,0.1664,0.08353,0.005301,0.6149,0.04844,6.1409,1.0337,1.7266,1.1322,2.8967
"TOV21G_OVARY",3.9631,0.4566,1.6485,1.2785,0.8857,0.9197,0.5477,0.3815,1.3425,0.415,0.3605,5.0367,1.0759,1.3244,1.7314,2.732
"ASPC1_PANCREAS",3.4197,1.3966,0.6383,2.1312,0.2484,0.4818,0.411,0.02477,2.611,0.6001,0.2758,4.0922,0.4228,1.4991,0.5118,1.5994
"OVSAHO_OVARY",1.3862,0.4298,0.8493,0.7329,0.1429,0.4272,0.3303,0.1494,0.9977,0,0,3.0491,0.3679,0.666,0.3697,1.9364
"NCIH441_LUNG",2.8905,1.1125,0.7499,1.6292,0.3066,0.12,0.4346,0.6243,1.6923,0.455,0.2391,4.4553,0.2335,1.205,0.5299,2.5101
"NCIH2030_LUNG",4.9167,0.9753,1.8416,1.0569,1.2982,0.3874,1.2422,0.254,2.026,0.4445,0,5.1832,0.5507,0.8499,0.973,4.0152
"HMCB_SKIN",4.5134,1.1052,1.3243,0.4484,1.0646,0.4205,1.053,0.1048,1.327,0.4672,0.5584,6.5093,1.3145,1.707,1.8672,3.8274
"FUOV1_OVARY",1.7438,2.1301,1.7494,1.8458,0.8677,0.1906,0.6817,0.3852,2.2864,0.2888,0.2678,4.3524,0.6551,1.5291,1.356,0.7803
"MALME3M_SKIN",3.6466,1.5363,0.1187,4.9654,0.2374,0.9947,0.5408,0.383,6.4385,0.5432,0.269,3.8672,0.8727,1.2676,1.2525,1.5046
"KMS12BM_HAEMATOPOIETIC_AND_LYMPHOID_TISSUE",4.355,2.4135,0.2465,1.3018,1.0481,0.2931,0.7467,1.1578,1.3436,0.4616,0.4828,7.086,0.3402,1.8171,1.2077,3.8314
"T98G_CENTRAL_NERVOUS_SYSTEM",2.537,1.137,1.4143,0.8136,0.5313,0.2173,0.3194,0.5323,0.8449,0.238,0.05954,4.9955,1.0637,1.2075,1.8327,1.2564
"DBTRG05MG_CENTRAL_NERVOUS_SYSTEM",2.7457,0.868,1.475,3.1418,0.3955,0.4507,0.2992,0.8056,2.9241,0.468,1.0773,5.3756,0.7186,1.4749,0.6195,3.2015
"HEYA8_OVARY",3.8485,0.5856,0.596,0.9399,0.2561,0.04267,0.0632,0.1962,2.2657,0.7314,0,5.1752,0.6201,0.8663,0.8956,3.8241
"NCIH2122_LUNG",4.996,1.71,0.8178,3.0327,0.8959,0.9173,1.0545,0.3708,4.4466,0.618,0.7922,6.6492,0.4757,1.8716,1.0366,4.4313
"SW620_LARGE_INTESTINE",4.962,1.4577,0.09312,3.5274,0,0.06866,0,0.4372,4.7172,1.122,0,6.0438,0.4125,1.9704,1.0755,3.5414
"HCT116_LARGE_INTESTINE",3.4601,0.5664,0.2996,1.9489,0.2184,0.1936,0.3587,0.5542,3.6651,0.678,0.6267,6.4469,0.8268,1.092,0.6307,3.2013
"VMRCRCZ_KIDNEY",2.3024,1.31,1.8178,1.3659,0.9017,0.3024,0.532,0.3594,1.8358,0.6149,0.1233,3.9578,0.8126,1.457,1.1723,2.0667
"DU145_PROSTATE",4.4163,0.9597,1.391,0.864,0.9805,0.2907,0.7691,0.02354,1.3267,0.6584,0.2331,6.0946,0.3253,1.4144,1.2529,2.9817
"L33_PANCREAS",3.2074,1.0032,0.3391,1.3015,1.0717,0.3253,1.7718,0.3145,1.5302,0.4875,0.04629,6.4953,0.4845,0.8375,0.8761,3.5181
"SKMEL2_SKIN",2.0922,0.2356,0.1274,1.7595,0.09419,1.3409,0.9673,2.1103,3.0417,0.4815,0.5486,3.657,0.8119,0.8386,0.6534,1.1798
"A549_LUNG",2.9712,1.6406,0.4962,1.8637,0.4884,0.2759,0.6707,0.4832,3.1106,0.4691,0.08954,4.9753,0.6549,1.3264,1.2616,1.8717
"A172_CENTRAL_NERVOUS_SYSTEM",2.4662,0.3615,0.2508,0.2375,0.08293,0.09733,0,0.2102,0.5436,0.4959,0.08666,4.6157,0.2818,1.4006,1.1598,2.649
"NCIH1975_LUNG",3.3781,1.0222,0.5187,0.4696,0.4621,0.2285,0.3094,0.1706,1.2184,0.2606,0.1393,5.9467,0.1468,1.3584,0.7472,1.6636
"COLO679_SKIN",3.984,0.9348,0.1354,3.3142,0.4867,0.1373,0,0.6993,4.7338,0.4152,0.486,4.5201,0.4606,0.853,0.6854,2.2206
"KP2_PANCREAS",2.7758,1.5709,0.3689,2.2262,0.1607,0.04091,0.2996,0.338,3.2738,0.393,0,4.8529,0.2155,1.6607,0.6834,1.099
"MDAMB453_BREAST",5.5367,1.1017,0.1335,0,0.1473,0.3383,1.582,0,0.9213,0.2967,0.04652,5.5396,0.8147,1.0628,0.5439,3.126
"OV90_OVARY",4.5708,0.8462,0.2935,3.4602,0,0.727,0.3964,0.09546,4.0762,0.5705,0.07258,3.4582,0.4936,2.2049,0.482,2.9714
"OVTOKO_OVARY",2.0471,0.508,1.9162,0.3445,0.8693,0.1956,0.8776,0.5722,0.5565,0.3415,0.2041,2.0493,0.7373,0.7926,0.6268,3.5208
"OVCAR4_OVARY",2.2591,0.3216,0.4466,0,0.3913,2.0923,0.4367,0.3606,0.8609,0.1563,0.01486,4.5514,0.6127,1.1837,0.4459,2.9929
"HCT15_LARGE_INTESTINE",2.6346,1.1814,0.9084,0.6149,0.4596,1.1051,1.0195,0.02414,1.4088,0.3213,0.2077,3.1674,1.1377,0.9206,1.1809,2.7169
"SF295_CENTRAL_NERVOUS_SYSTEM",3.2674,0.9258,0.4257,0.466,0.1438,0.2531,0.4123,0.2025,0.6552,0.8342,0.4697,4.5241,0.2399,1.0372,0.9636,3.0484
"WM115_SKIN",3.7538,0.1716,0.04944,1.5979,0.1035,1.8514,0.1087,0.1188,2.0602,0,0.3838,3.5617,0.3239,0.07927,0.2933,0.8829
"JHH4_LIVER",0.8741,0.6781,1.0493,0.9964,0.4773,1.1443,0.9322,0.4071,1.2402,0.4427,0.6874,4.1514,0.7286,0.4165,0.1252,4.2614
"OE33_OESOPHAGUS",4.7147,0.887,1.5313,0.9345,0.842,1.6295,1.3948,0.1788,1.8762,2.6605,0.7694,4.8996,0.2001,1.8779,0.2963,3.252
"CCK81_LARGE_INTESTINE",3.4189,0.7503,1.8014,2.0146,1.8156,0.7254,2.3087,0.5473,2.5956,0.3273,0.7094,3.4061,0.1157,1.8427,0.6354,2.4283
"SJSA1_BONE",3.2033,1.5288,1.3996,0.833,0.4775,0.6123,0.3625,1.339,1.746,0.6386,0.5401,5.3659,0.9267,1.2566,0.5718,3.5615
"NCIH2228_LUNG",2.7224,0.7983,0.9192,0.4632,0.8593,0.3097,0.3527,0.4886,1.5899,1.8879,0.02345,5.1908,0.5604,4.0317,1.0651,2.8877
"RERFLCAI_LUNG",4.175,0.675,0,1.0537,0.2999,0.3965,0.306,0.2795,1.1637,0.498,0.002634,6.7642,0.03211,0.873,1.0698,2.7835
"SKMES1_LUNG",4.0054,1.921,2.5709,0.8823,2.3791,2.5655,2.0259,1.4989,2.3037,1.3051,1.9638,4.9906,0.5808,2.4285,1.6466,3.7728
"NCIH520_LUNG",2.9933,0.535,0.7849,0.1026,0,0.6113,0,0.421,0.1691,0.2855,0,5.9668,0.4904,0.8424,1.2327,2.1326
"JHH5_LIVER",4.6117,1.2766,1.4841,1.1148,1.4192,0.1843,1.8201,0.1139,2.5049,0.3285,0.0742,4.7876,0.3623,0.868,0.3701,4.1015
"FU97_STOMACH",4.4951,0.9502,1.3435,1.0491,0.3636,0.4887,0.3622,0.2397,1.9272,0.2194,0.806,4.4367,1.0666,1.3489,1.7745,1.564
"RL952_ENDOMETRIUM",3.2136,1.2066,1.6957,2.7961,1.5385,0.1315,1.3016,0.6145,3.5574,0.8308,0,6.095,0.1355,1.0425,1.3047,1.9966
"HCC15_LUNG",3.8606,1.1557,0.9268,1.4084,0.3449,1.6691,0.6883,0.5754,1.8382,0.6549,1.0101,5.2761,0.827,1.3415,0.8745,2.5426
"CALU6_LUNG",3.0328,1.511,1.5736,1.5986,0.4963,1.0712,0.1923,0.106,3.2483,0.7092,0.4372,6.5055,0.8441,2.1373,0.79,3.0781
"SKLU1_LUNG",4.1513,1.1,1.7584,1.4771,0.5373,1.6585,0.7137,0.7127,2.4447,0.7572,1.0882,4.591,0.02507,1.8224,1.5633,3.1782
"SW900_LUNG",2.5565,0.3003,0.3648,0.3037,0.1385,0.5001,0.4217,0.3107,1.1128,0.5228,0.09265,4.5352,0.4596,0.4458,0.464,1.0695
"UACC62_SKIN",4.5286,0.868,1.0493,3.9363,0.6873,0.913,0.565,1.1217,4.916,0.7375,0.8429,5.3255,0.398,1.354,0.7377,3.8193
"MFE280_ENDOMETRIUM",3.2444,0.5249,0.7199,0.5816,0.9432,0.1119,0.8911,0.3682,1.4506,0.46,0.1629,3.8856,0.4915,0.6407,1.2541,2.3197
"MFE319_ENDOMETRIUM",2.5464,0.7763,2.3456,0.9563,1.5436,0.8158,1.5418,0.5247,1.4756,0.658,0.8592,6.2607,0.3111,0.5841,1.2325,2.5258
"MFE296_ENDOMETRIUM",2.9064,0.9253,1.1319,0.314,0.6176,1.0266,0.4447,0.4547,0.6229,0.5073,0.453,5.9629,0.583,0.7959,1.3124,4.5965
"GI1_CENTRAL_NERVOUS_SYSTEM",3.6972,0.5457,0.5236,0.6094,0.1787,0.4723,0.216,0.5693,0.7663,1.0878,0.4336,5.6551,0.4663,1.8359,0.7001,2.6126
"PC14_LUNG",4.4138,1.5768,3.3372,1.2008,3.7177,0.8567,1.6271,0.09898,1.4392,0.5781,1.0704,6.7585,0.4259,1.7777,1.1328,3.389
"KYSE410_OESOPHAGUS",3.1735,1.0965,1.2755,0.4508,0.4664,0.4363,1.1965,0.1933,1.0033,0.6978,0.704,3.8109,0.2293,1.2969,0.2454,0.9707
"PATU8902_PANCREAS",2.4817,1.3212,0.9396,1.4749,0.0789,0.6972,0.2098,0.4023,2.216,0.4002,0.6979,3.2911,0.4794,1.4907,0.6359,2.263
"NCIH810_LUNG",1.5995,1.3572,0.2285,0.1913,0.1621,0.5784,0.4256,0.5109,0.1101,0.7947,0.2943,4.6234,0.5582,1.318,0.6411,1.8683
"NCIH460_LUNG",4.2751,1.0809,0.1118,0.6252,0.06994,0.2832,0.1102,0.2963,1.3956,0.3076,0.1941,4.9726,0.1393,0.8719,0.4967,3.151
"KYSE140_OESOPHAGUS",1.6901,1.627,1.8523,0.1921,2.1105,0.7395,2.2679,0.2324,1.9335,0.385,1.2101,3.5397,0.1106,0.808,1.4472,2.3975
"KYSE180_OESOPHAGUS",4.5305,1.2614,1.6671,0.3191,1.55,0.6691,1.7008,0.4469,0.3991,1.0874,0.4611,6.5708,0.3126,1.0755,0.8789,3.9397
"HUPT3_PANCREAS",2.5525,0.5173,0.7185,1.6739,0.2869,0.6851,0.1481,0.3224,2.2718,0.391,0.1855,4.484,0.1761,0.1825,0.7941,1.9046
"EFE184_ENDOMETRIUM",1.8778,0.5889,1.4942,1.1417,0.5729,0.2116,1.0358,0.1986,1.3875,0.2181,0.333,2.0256,0.3326,0.4804,0.3328,1.6699
"SW579_THYROID",4.6507,0.4121,1.5267,0.3181,0.3561,0.8646,0.219,0.9223,1.3252,0.4107,0.1384,5.6305,1.8088,1.35,2.145,3.4254
"MDAMB468_BREAST",2.575,1.9311,1.016,0.9323,1.8648,0.8595,1.4168,0.9397,1.5386,1.0025,0.868,6.075,0.8336,1.4916,1.6093,3.7305
"BT549_BREAST",4.799,1.0007,0.8363,0.2601,0.2467,1.6262,1.0001,0.2901,0.1503,0.533,0.1106,5.817,0.5889,0.7964,1.0845,4.1961
"CAL851_BREAST",3.6877,1.3703,1.7728,1.7048,2.0234,1.9431,1.9052,0.1528,2.3533,0.2923,0.04997,5.3918,0.04859,0.9655,0.322,2.4477
"EFO21_OVARY",2.2269,1.1699,0.6374,0.8452,0.463,0.6449,0.5927,0.2278,1.0839,0.3743,0.2856,3.8972,0.5223,1.7014,0.696,2.5609
"A375_SKIN",3.5625,1.4484,0.9057,3.2996,0.2889,0.09724,0.1527,0.4491,4.8148,0.7175,0.4121,6.0932,0.6118,1.8735,1.0899,3.2038
"HT29_LARGE_INTESTINE",5.3135,1.8932,0.9439,4.148,0,0.1759,0.8029,0.3962,4.683,0.5708,0.2648,6.2246,0.658,2.1444,0.9653,2.4461
"SKMEL5_SKIN",1.6628,1.3453,0.2502,2.9562,0.4067,1.3178,0.03464,0.9531,4.2166,0.273,0.2392,4.9196,0.9226,0.8215,0.6991,2.5007
"HS944T_SKIN",3.4641,0.919,0.7203,2.5552,0.3722,3.0047,0.2636,0.4258,3.1033,0.71,0.3612,6.4682,0.6535,0.8553,1.2664,3.7638
"PC3_PROSTATE",2.0787,0.4745,1.6719,0.2844,0.5852,0.1617,0.3291,0.4157,0,0.1819,0.01305,4.2393,0.4568,0.9641,0.5543,1.5711
"NUGC3_STOMACH",4.1622,1.0673,0.9751,1.6916,1.82,0.6979,1.5373,0.3105,2.1154,0.4736,0.2236,7.0402,1.0741,1.003,0.6742,4.3889
"U87MG_CENTRAL_NERVOUS_SYSTEM",3.4931,0.3154,0.03487,0.4738,0.07387,0.2053,0.5471,0.4944,1.3091,0.8907,0.443,4.303,0.2031,0.5188,0.477,1.6427
"CAKI2_KIDNEY",1.6136,1.1466,1.4118,1.2769,1.0932,0.3552,0.7662,0.1525,1.8386,0,0,4.8113,0.4486,0.729,0.9492,1.1215
"KMRC2_KIDNEY",2.2171,0.8069,2.8096,0.5113,0.505,0.4269,0.7808,0.8298,1.0423,0.9416,0.05675,3.9946,0.4541,1.8094,0.6557,2.3736
"IM95_STOMACH",5.2425,1.8968,1.59,4.5529,2.1284,1.4143,1.3837,0.4315,3.5032,1.8964,2.4817,6.4774,0.4556,0.4255,1.7889,2.9373
"WM2664_SKIN",5.5988,0.408,0,3.4457,0.08816,0.1912,0.1532,0.7351,4.8727,0.6252,0.1215,4.0908,0.1223,0.4785,0.6291,3.3541
"KMRC1_KIDNEY",2.7651,1.1574,1.6644,0.703,0.8457,0.1215,0.4486,0.834,1.5562,0.4754,0.3043,4.304,0.337,0.8743,1.2307,2.4108
"T84_LARGE_INTESTINE",2.5327,1.1858,1.0293,1.568,1.0015,0.3676,0.2998,1.0549,2.1085,0.8613,0.4742,4.1065,0.614,2.3855,0.007705,1.1731
"CALU1_LUNG",3.3698,0.1548,0.2008,1.6146,0.04256,0.06953,0.3518,0.3751,2.1985,0.08662,0.195,4.1905,0.05791,0.8478,0.6033,1.9735
"LOXIMVI_SKIN",4.0766,0.4342,1.2245,2.4416,0.09979,0.6136,0.0391,0.5973,2.7549,0.6165,0.469,4.9676,0.524,1.1578,0.6485,4.1702
"NCIH2170_LUNG",4.5194,0.9193,1.7978,0.3377,2.0307,0.1053,3.1451,0.3865,0.684,0.5128,0.118,6.47,0.1748,1.5386,0.8038,4.5073
"SQ1_LUNG",4.1275,1.0544,1.9154,0.9389,0.9531,3.2487,0.6781,0.06167,1.1333,0.06157,1.4825,4.5905,0.6838,0.7909,1.0249,2.0749
"AN3CA_ENDOMETRIUM",4.0092,0.3505,0.4755,0.6207,0.3018,0.7078,0,0.8132,0.7369,0.02807,0.5684,5.5767,0.1933,0.2236,1.06,1.4581
"NCIH2444_LUNG",2.3125,0.5609,0.528,1.2551,0.4111,1.4321,1.0206,0.2141,2.4795,0.2978,0.4396,4.1579,0.1305,0.3241,0.1748,1.3742
"UACC257_SKIN",2.2128,0.5798,0.3102,2.9813,0,0.2906,0.01452,0.4674,4.2295,0.1327,0.2647,3.6187,0.3558,0.4377,0.3173,2.1144
"KYSE510_OESOPHAGUS",3.7623,1.3086,0.348,0.2195,0.3023,0.7552,0.311,0.6075,0.04356,0.1044,0.6993,6.5046,0.6993,0.5215,0.8546,4.2576
"HUPT4_PANCREAS",4.9176,2.0752,2.4276,2.1476,1.4576,1.409,1.1058,1.0421,4.3231,1.6044,0.7677,5.8226,0.15,2.8087,0.9989,4.3506
"KYSE30_OESOPHAGUS",2.8684,0.9594,1.2127,3.1061,0.9731,0.6556,0.521,0.2538,3.742,0.5526,0.139,5.8173,0.466,1.2814,0.5281,2.9748
"KYSE150_OESOPHAGUS",3.8432,0.4188,0.3552,0.08227,0.7703,0.6142,0.5937,0.2893,0.5862,0.267,0,4.5075,0.08508,0.4303,0.5562,1.5052
"PSN1_PANCREAS",3.4967,0.5187,0.1458,2.4693,0.2199,0.3796,0.05786,0.2706,3.0172,0.04047,0.7477,5.7164,0.2279,0.8693,0.2996,2.709
"NCIH1299_LUNG",3.5108,1.2383,1.4866,3.1961,0.7121,1.249,0.2706,1.0899,2.7295,0.9098,0.7558,5.549,1.5557,1.9109,1.2805,3.8423
"IGR37_SKIN",3.0876,1.4834,0.6652,3.6362,0.3618,0.4557,0.4278,0.5574,4.6732,1.0685,0.03001,6.1199,0.7135,1.4119,0.6398,2.9305
"PANC0403_PANCREAS",2.6612,0.7045,0.7926,1.4602,0.494,0.3004,0.6503,0.3671,2.8214,0.5411,0.09142,3.9711,0.4002,1.5515,0.4505,1.7677
"TYKNU_OVARY",3.7232,1.0867,0.8178,0.6276,0.2076,1.2606,0.5639,0,1.6836,0.7577,0.08034,5.115,0.5322,1.0603,0.6974,3.4346
"EFM19_BREAST",3.5096,0.7541,1.2611,0.0802,0.09867,2.7017,0.7549,0.3282,0.09919,0.6233,0.7263,5.55,0.3749,1.2299,0.7954,1.9984
"MELHO_SKIN",2.0796,1.3099,0.9185,3.391,0.49,0.4954,0.6978,0.2398,5.1399,0.868,0.01668,4.24,0.7755,1.4747,0.9921,2.6133
"G361_SKIN",3.2302,1.7872,0.7462,2.7378,0.996,0.5463,1.2718,0.6556,4.4245,0.7552,0.6601,6.0134,0.8658,1.2092,1.6598,2.9272
"NCIH647_LUNG",3.1829,0.3716,1.452,0.3915,0.2912,0.6297,0.2396,0.3702,0.8152,0,0.5762,4.6377,0.8969,0.1524,0.1195,1.1787
"GMS10_CENTRAL_NERVOUS_SYSTEM",3.1344,0.5312,0.7487,0.2219,0.1201,0.6135,0.004152,0.08879,0.624,0.2727,0.4683,5.0009,0.1598,0.6572,0.4925,1.297
"HCC44_LUNG",4.7402,0.9276,0.4591,0.7028,0.1511,2.3407,0.1527,0.09813,1.5458,0.2043,1.1856,5.8639,0.5025,1.0325,0.3747,2.2173
"KYSE70_OESOPHAGUS",4.2296,2.1382,1.6009,1.3876,1.3994,0.5985,1.3543,0.7199,2.7093,0.6366,0.7026,5.5901,0.6312,1.3801,1.5309,3.081
"GAMG_CENTRAL_NERVOUS_SYSTEM",3.711,0.4895,0.2102,0.2266,0.1358,0.5262,0,0.332,0.3018,0.07498,0.5998,5.015,0.1068,0.1636,0.445,1.2313
"NCIH522_LUNG",3.5106,0.6383,0.8378,0.3785,0.4055,0.5374,0.7621,0.4385,0.8364,0.5612,0.1305,5.4331,0.5832,1.397,0.6619,1.9146
"EN_ENDOMETRIUM",2.6637,0.6604,0.6256,0.2629,0,0,0.4058,0.146,0.557,0.4521,0.08131,4.0051,0.3369,0.698,0.4259,0.741
"PK59_PANCREAS",3.0683,0.8059,0.8084,1.0042,0.2714,0.1425,0.5183,0,2.4655,0.494,0,4.3007,0.3679,1.2743,0.6624,2.2588
"COLO741_SKIN",3.2321,1.4813,0.4347,2.4876,0.9611,2.4895,0.3423,0.8776,2.757,0.5903,0.7811,5.4766,0.2976,1.3744,1.2564,3.1862
"HDMYZ_HAEMATOPOIETIC_AND_LYMPHOID_TISSUE",3.7408,1.389,0.5385,2.7557,0.8709,0.4014,0.6625,0.3302,4.6897,0.8361,0.6999,6.7594,0.9484,1.4183,1.2701,5.7676
"NCIH661_LUNG",1.1851,1.0875,0.5857,0.1862,0.09786,0.5897,0.3394,0.07728,0.2089,0.7048,0.6622,2.5108,0.1372,0.8723,0.2489,0.9602
"LS411N_LARGE_INTESTINE",4.496,1.3972,0.2772,4.2582,0.3804,1.1581,0.04328,0.0771,4.9922,0.3309,0.8759,5.834,0.1615,1.4321,0.6282,3.1476
"HCC78_LUNG",1.8194,0.3367,0.3899,0.1545,0.02019,0.3811,0.07474,0.0682,0.3694,0.5792,0.7086,3.5376,0,0.8875,0.2193,4.1192
"YKG1_CENTRAL_NERVOUS_SYSTEM",2.8308,0.5376,1.6499,0.8278,0.07841,0.5146,0,0.1102,0.8524,0.5306,0.0179,5.5701,0.2007,0.7847,0.6228,1.3881
"ESS1_ENDOMETRIUM",3.4977,1.5524,1.8504,0.5129,0.6877,4.4022,1.2909,0.7388,0.9489,1.3171,2.2772,6.5069,0.4498,1.9378,1.7331,6.209
"TE11_OESOPHAGUS",3.3987,1.7103,1.9288,0.3205,2.0088,0.7138,2.2305,1.2078,1.4826,0.9517,0.7925,7.3115,0.5301,1.9404,1.6287,4.7553
"HEC1A_ENDOMETRIUM",2.8197,0.8549,1.6748,1.0471,0.1217,0.7562,0.1152,0.3542,1.652,0.2774,0,4.9047,0.6987,0.614,0.8994,2.287
"TE1_OESOPHAGUS",3.9523,0.8829,1.0441,1.114,0.8417,0.533,0.7076,0.4281,1.0105,0.4085,0.6178,4.1517,0.2454,1.3627,0.7009,2.8467
"JHUEM2_ENDOMETRIUM",4.8857,0.4333,0.5545,0.1476,0.1292,0.5591,0.1097,0.9028,0.8896,1.1936,0.4778,6.1947,0.4216,1.377,1.4968,4.3234
"TE5_OESOPHAGUS",3.0955,0.4191,0.5912,0.6396,0.23,0.7896,0.486,0.3958,0.753,0.2186,0.3795,5.4258,0.2589,0.2672,0.4487,3.692
"NCIH1703_LUNG",4.6215,0.7496,1.9617,0.6057,0.5767,1.6718,0.3413,1.1218,0.92,0.815,1.254,6.0885,1.7395,1.7164,1.7113,3.4943
"QGP1_PANCREAS",3.341,1.5339,0.6628,3.5502,0.7446,0.7079,0.4053,0.3865,3.7813,0.3333,0.9048,5.2985,0.5314,1.2875,1.0263,1.2569
"DETROIT562_UPPER_AERODIGESTIVE_TRACT",2.8606,0.3942,1.1993,1.0097,0.8498,0.8633,0.432,0.6081,1.2996,0.1087,0.8825,5.6996,0.08576,0.5406,0.2191,1.4964
"BT474_BREAST",3.7846,0.7015,0.8074,0.1287,0.3156,0.1639,3.3811,0.2468,0.5865,0.2296,0.4139,3.3674,0.8083,0.3988,0.3351,0.1767
"ACHN_KIDNEY",2.0636,0.6207,1.2189,0.6881,1.2474,0.4928,0.8437,0.4761,1.2671,0.4836,0.1702,3.9915,0.6473,0.9626,0.95,3.7264
"NCIH1581_LUNG",2.4837,0.3412,0.5944,1.2459,0.04829,0.7831,0.3271,0.1988,1.7867,0.6256,0.5504,5.8733,0.106,0.6507,0.9622,2.8858
"SKMEL30_SKIN",1.6956,0.4842,0,3.251,0,0.01642,0.027,0.04694,4.6005,0.1049,0.23,3.9556,0.4895,0.267,0.1669,1.2816
"C32_SKIN",6.5863,0.8161,0,1.8523,0.286,0.4908,0,0,3.2117,0.261,0.1914,3.1892,0.3158,0.6679,0.3908,2.2885
"PANC0327_PANCREAS",4.3483,0.6478,0.9077,1.2338,0.4879,2.2368,0.7534,0.07107,2.1915,0.8512,0.2903,5.8073,0.1145,0.9404,0.2957,3.1664
"ES2_OVARY",3.0835,0.366,0.05565,1.9236,0.09704,1.155,0.05121,0.1307,3.051,0.3971,0.2601,5.3368,0.38,0.1766,0.419,4.441
"G402_SOFT_TISSUE",4.4662,0.4365,1.4516,0.06311,0,0.3804,0.2117,1.068,0.689,0.6586,0.8114,5.9752,1.1492,0.6709,1.3881,4.218
"SW48_LARGE_INTESTINE",5.8824,2.1955,1.6492,4.7855,2.558,0.4682,2.7696,1.0407,5.322,0.8926,0.131,6.6415,0.5355,3.1949,1.5286,4.0017
"SW403_LARGE_INTESTINE",4.3652,1.9928,1.1138,2.9688,1.0355,1.6262,1.8469,0.2976,4.8714,0.9122,0.2497,5.8697,0.003239,2.2255,0.6138,4.7006
"NCIH747_LARGE_INTESTINE",4.1782,1.5524,1.2293,3.9755,0.8585,1.2307,0.5944,0.1082,4.5513,0.7988,0.4446,4.5944,0.5534,1.389,0.1588,2.1884
"RT4_URINARY_TRACT",4.2034,1.0211,3.5666,1.6026,1.6683,1.7115,1.889,1.0192,2.4741,0.8884,1.0759,6.3166,0.9329,2.2436,2.1163,2.83
"SW1417_LARGE_INTESTINE",4.141,1.4761,2.5102,2.4436,0.3159,0.4361,0.9209,0.3706,3.5422,0.5491,0.7279,5.1654,0.8551,1.3905,0.653,3.6728
"MDAMB415_BREAST",3.8425,0.5793,0.699,0.3868,0.03477,0.6508,0.4949,0.3684,0.3595,0.652,0,2.8461,0.8087,0.2655,1.1061,1.0161
"CORL23_LUNG",2.3346,0.7416,0.2272,0.02408,0.03604,0.2085,0.1227,0.08275,0.5205,0.3596,0.02301,5.2187,0.8032,0.6334,0.3707,3.0968
"MORCPR_LUNG",3.875,0.4603,0.3816,0.1858,0.2041,0.7722,0.3634,0.1315,0.5833,0.1384,1.1972,6.6116,0.1042,0.5558,0.8975,2.2823
"HARA_LUNG",3.2458,0.4855,0.6418,0.2773,0.8434,0.3543,0.7284,0.3702,1.1893,0.1488,0.1362,6.1217,0.3296,1.0078,0.5869,3.1222
"SKOV3_OVARY",2.3103,0.5344,1.1181,0.334,0.6147,2.6683,0.8272,0.5764,0.519,0.02451,0.1467,5.0501,0.4214,0.7187,0.7958,2.0795
"HPAFII_PANCREAS",3.803,1.3463,1.8783,2.0653,0.965,1.1707,1.3411,1.7918,3.016,1.0399,1.7663,4.9936,0.4414,1.1629,0.8712,3.3008
"MC116_HAEMATOPOIETIC_AND_LYMPHOID_TISSUE",3.4533,0.2977,0.09845,0,0.0005163,0.2117,0.0505,0.2049,0.1658,0.1444,0.3541,6.476,0.5503,0.1041,0.096,4.4146
"NCIH1568_LUNG",1.527,1.3221,1.5767,1.2459,1.6905,1.4092,0.918,0.7387,1.5472,1.035,0.2685,5.6099,0.7917,1.6053,0.7681,3.7898
"A673_BONE",3.6758,1.599,0.9435,1.3769,0.1029,1.0647,0.005817,0.5932,0.6163,1.6086,0.1048,7.0239,0.3025,1.734,0.7322,5.4861
"AU565_BREAST",4.2668,0.7651,0.2328,0.09979,0.491,0.7937,3.5677,0.1964,0.04551,0.7979,0.3374,6.6977,0.6273,0.1526,0.7107,3.8426
"NCIH1563_LUNG",3.2288,1.0647,0.4409,0.5965,0.1776,0.36,0.3184,0.8828,0.1998,0.6033,0.1891,1.8457,0.1783,1.2603,0.98,0.08307
"NCIH358_LUNG",2.9418,1.0482,0.7506,2.4557,1.6179,0.7728,1.4357,0.3662,3.6668,0.8719,0.1218,5.6597,0.4633,1.5223,1.3765,2.0796
"NIHOVCAR3_OVARY",2.8123,0.9727,2.2222,1.5972,1.1932,0.2826,1.0323,0.7236,1.3723,0.5743,0.2992,5.2836,1.3616,2.0012,0.8821,2.0783
"NCIH1650_LUNG",4.5681,0.4436,1.9891,0.3713,1.3557,0.366,1.0601,0.5891,0.0898,0.4561,0.03316,4.3317,0.5556,0.8811,0.7558,1.4616
"NCIH1793_LUNG",1.6359,0.4367,0.8634,1.1445,0.4024,0.4629,0.6214,0.6553,1.1635,0.04633,0.08983,3.6008,0.04823,0.3799,0.6117,1.5681
"KNS62_LUNG",3.6717,0.5156,0.2138,1.1768,0.1777,0.9201,0.2334,0.03943,1.9951,0.208,0.8163,4.9409,0.0401,0.127,0.3008,2.5993
"HS578T_BREAST",3.8639,0.2538,0.4801,0.2979,0.05836,0.5308,0.2025,0.4288,1.2618,0.4021,0,6.8292,0.05614,0.7075,1.1832,1.2176
"BT20_BREAST",1.0525,0.5273,1.181,0.01832,1.3084,0.4948,0.6681,0.2088,0.4673,0.5166,0.4686,4.959,0.4714,0.7985,0.1317,2.1888
"HH_HAEMATOPOIETIC_AND_LYMPHOID_TISSUE",2.1617,0.975,0.8571,0.8535,0.4083,0.6424,0.7705,1.9892,0.7106,0.8985,0.3423,5.0317,1.3007,1.496,0.3257,3.7783
"FADU_UPPER_AERODIGESTIVE_TRACT",5.1603,0.5665,1.9008,2.4745,1.5452,0.5883,1.9562,0.141,2.2958,0.4794,0.2629,4.7772,0.05019,0.9511,1.2244,3.2542
"SJRH30_SOFT_TISSUE",3.367,1.8406,0.1909,0.5556,0.1233,0.1852,0.3895,0.2678,0.1828,1.0813,0.2238,5.3401,0.5737,2.2681,0.5467,3.5555
"MDAMB436_BREAST",2.2556,1.1129,0.6943,0.8398,0.4275,0.5103,0.2457,0.9866,0.8916,0.8252,0.2029,4.6231,0.2087,1.8553,0.8019,2.5255
"CAL27_UPPER_AERODIGESTIVE_TRACT",4.0906,0.9409,1.5346,2.3452,2.316,0.3061,1.8794,0,2.6201,0.5558,0.7764,7.1184,0.3294,0.5994,0.5781,3.8619
"SW1271_LUNG",2.6201,1.2973,1.3076,1.669,0.08464,1.2443,0.1266,0.7121,2.2362,0.7189,0.8502,4.1891,0.3072,0.818,0.1423,3.209
"NCIH1792_LUNG",4.2291,1.1488,0.3243,0.7937,0.2512,0.269,0.3039,0.679,2.7425,0.7983,0,5.8456,0.3336,1.6733,1.1431,1.7974
"SKBR3_BREAST",3.3439,0.7471,0.4847,0,0.6481,0.2658,2.9047,0.0506,0.04932,0,0.2668,5.046,0.7789,0.0109,0.396,4.2169
"NCIN87_STOMACH",6.109,0.8738,2.0389,1.7723,0.9619,0.6739,4.381,0.7817,2.0757,0.5961,0.4056,5.695,0.4951,1.8145,1.0356,3.5494
"U2OS_BONE",4.6678,1.5148,1.3457,1.2003,0.4888,0.3309,0.7341,1.0122,1.683,1.0034,0.2498,5.1548,0.5541,1.324,0.8411,2.6347
"H4_CENTRAL_NERVOUS_SYSTEM",4.1075,0.4519,0.6725,0.2843,0.2662,0.2157,0.05188,1.2492,0.01881,1.5929,0.5117,5.2411,0.1642,1.8596,1.4453,2.6745
"OCUM1_STOMACH",4.7362,0.5085,0.3956,4.2032,0.01577,0.501,0.3383,0.5333,5.29,0.9729,0.2974,5.3406,0.1405,1.467,0.6555,3.6049
"SCC9_UPPER_AERODIGESTIVE_TRACT",4.7346,1.2564,1.3741,1.6772,2.1038,1.1435,1.1401,0.1992,2.6857,0.4683,1.1941,5.2099,0.2901,0.4782,0.7652,2.3581
"HCC1395_BREAST",2.6091,0.7086,1.8946,0.6753,0.5515,1.2891,0.3471,0.1969,0.56,0.2731,0.4523,5.4493,0.3345,0.4094,0.7068,2.5762
"TE9_OESOPHAGUS",4.2666,1.0772,1.9496,0.8854,0.9259,0.4993,1.265,0.4344,0.9762,0.3303,0.1003,6.6468,0.6806,1.8908,0.8313,4.0447
"KNS42_CENTRAL_NERVOUS_SYSTEM",2.789,1.268,0.6949,0.9356,0.0282,1.0396,0.216,0.3687,0.5834,0.4066,0.6865,5.2136,0.3099,1.4364,0.7234,2.0429
"KYSE520_OESOPHAGUS",4.248,0.8652,1.1904,0.6335,1.2624,0.672,1.037,0.2568,1.9066,0.2385,0.01816,5.3639,0.4213,1.0372,0.3085,1.2417
"IALM_LUNG",1.1265,1.0362,0.3366,0.1423,0.3108,0.5557,0.8124,0.3516,0.9959,0.5516,0.6265,1.3967,0.8639,0.4315,0.5726,2.475
"EB2_HAEMATOPOIETIC_AND_LYMPHOID_TISSUE",1.8256,0.1471,0.2212,0.003172,0.2757,0.591,0.4862,0.1515,0.04767,0.2978,0.2933,5.2538,0.06314,0.1913,0.4745,3.6914
"SNU398_LIVER",2.5308,0.5915,0.6213,1.4041,0.01824,1.5732,0.2801,0.8702,2.4054,0.9383,0.5687,6.988,0.7151,1.9352,1.0815,3.618
"SNU423_LIVER",2.0606,0.1276,0.04521,0.3714,0,0.7057,0.2067,0.1352,0.3718,0.4193,0.8206,4.9445,0.06403,0.2347,0.3549,0.8919
"HCC1187_BREAST",1.2846,0.2086,0.3754,0.4582,0.1981,0.2256,0,0.4677,0.5391,0.05411,0.4499,5.8226,0.2117,0.4494,0.3913,1.8545
"SNU387_LIVER",3.05,1.0149,1.0306,0.4998,0.8118,0.8547,0.8222,0.9645,0.8845,0.8758,1.5203,4.7368,0.7339,0.8824,0.3967,1.0026
"HT_HAEMATOPOIETIC_AND_LYMPHOID_TISSUE",4.4626,0.472,0.7877,1.5451,0.6185,0.9452,0.5864,0.9368,0.9237,1.4918,0.3471,6.6008,1.8156,2.4755,0.2781,4.0798
"MJ_HAEMATOPOIETIC_AND_LYMPHOID_TISSUE",4.5197,0.7745,0.3153,0.3342,0.007088,0.2184,0.2492,0.5714,0,0.9347,0.3775,6.9625,0,0.8332,0.2399,3.4198
"JM1_HAEMATOPOIETIC_AND_LYMPHOID_TISSUE",2.0988,0.2846,0.05758,0.1883,0.7337,0.1574,0.143,0.3451,0.2912,0,0.04249,6.1963,0.2965,0,0.2027,3.6682
"C2BBE1_LARGE_INTESTINE",2.2767,1.3449,2.0615,1.6091,1.128,0.5307,1.4312,0.4036,2.6013,0.7279,0,3.4819,0.2239,1.4705,0.527,1.3702
"SKES1_BONE",2.7715,1.9883,1.0395,0.7745,0.8541,0.3386,0.3363,0.21,0,1.0904,0.1814,6.7784,0.5736,2.3471,1.6445,5.0616
"BXPC3_PANCREAS",3.4843,0.7268,1.5541,1.9699,0.7307,2.374,1.2981,0.8451,2.8579,0.5536,0.8834,5.4667,0.3544,1.6433,1.1114,2.8842
"NCIH1355_LUNG",2.7409,0.9139,0.9871,2.526,1.1241,0.2866,1.4545,1.3545,3.2706,1.1761,0.134,4.4405,0.08526,2.1361,0.8879,0.9215
"SNU475_LIVER",3.9646,1.4655,0.6638,0.9279,0.6863,2.3149,0.8682,0.8932,0.9657,0.7115,1.0051,5,1.0406,0.914,1.0832,2.5168
"HEC251_ENDOMETRIUM",2.5866,0.8731,1.5751,1.3455,0.7614,0.2743,0.7347,0,1.1822,0.03693,0.1203,5.4401,0.5294,0.8138,1.4313,2.833
"GCIY_STOMACH",2.1792,0.7879,1.2041,0.06857,0.9732,0.7082,0.8684,0.4031,1.2638,0.4585,0.04114,4.0593,0.2187,1.487,0.3855,1.9017
"SH10TC_STOMACH",2.8494,0.4969,0.4559,0.04748,0.1529,0.8402,0.2517,0.129,0.2473,0.2376,0.0805,5.5243,0.6857,0.6445,0.3967,1.5113
"KMS26_HAEMATOPOIETIC_AND_LYMPHOID_TISSUE",3.7881,2.0005,0.1371,0.708,1.1015,0.3087,0.9961,1.0225,1.5045,1.5335,0.3177,7.1779,0.8896,2.8381,1.8328,4.5726
"KO52_HAEMATOPOIETIC_AND_LYMPHOID_TISSUE",2.6941,0.8602,0.4784,5.0531,0.6706,1.1233,0.06963,0.4614,5.0744,1.7782,1.2709,6.1507,1.6474,1.7366,2.1507,5.1368
"KNS60_CENTRAL_NERVOUS_SYSTEM",4.1338,0.8646,0,1.1826,0.161,1.8433,0,0.4705,1.7332,0.3137,0.9126,6.8034,0.4594,0.8137,0.8267,3.3792
"LU99_LUNG",5.2031,1.5767,0.5512,2.0438,0.8666,0.7001,0.9483,0.5896,2.6236,1.2301,0.1787,6.1904,1.1541,1.7623,1.7953,4.6107
"KMS34_HAEMATOPOIETIC_AND_LYMPHOID_TISSUE",3.5192,2.91,0.5543,0.7945,0.2969,0.4994,1.361,0.3091,0.3285,1.6563,0.7987,6.6117,1.2637,3.5637,1.2422,5.0621
"MKN74_STOMACH",3.2581,1.2515,0.2625,0.00429,0.3761,0.4106,0.6075,0.04665,0.899,0,0.9258,3.5975,0.1997,0.41,0.8439,2.3142
"KP3_PANCREAS",3.0933,0.4973,1.2097,0.1945,0.2328,0.3274,0.09769,0.8851,1.7013,0.4304,0.008632,4.864,0.8425,1.3057,0.4566,2.197
"NCO2_HAEMATOPOIETIC_AND_LYMPHOID_TISSUE",4.4584,1.2927,4.2576,3.0029,1.5548,1.8245,1.6375,1.5495,3.9475,2.9461,1.8126,6.8572,2.1583,2.6798,2.1103,4.8071
"KHM1B_HAEMATOPOIETIC_AND_LYMPHOID_TISSUE",3.4416,3.717,0.4197,2.674,1.043,0.3238,1.1746,0.7887,3.0813,1.9573,1.1948,6.2541,0.9919,4.532,0.5264,4.8473
"HSC2_UPPER_AERODIGESTIVE_TRACT",3.1995,0.1172,0.7791,0.0567,0.6125,0.2136,0.5269,0.3311,0.2316,0.03532,0.2599,4.6615,1.0356,0.1918,0.5043,3.8791
"KALS1_CENTRAL_NERVOUS_SYSTEM",3.853,0.4127,1.1537,1.2031,0.3822,0.7127,0.5346,0.5073,2.4758,0.7377,0.2795,6.0363,0.1169,1.3825,0.6178,2.841
"HEL9217_HAEMATOPOIETIC_AND_LYMPHOID_TISSUE",2.2799,0.7872,0.5733,0.6032,0.4473,0.5083,0.1414,0.4619,0.592,0.1365,0.2805,5.1205,0.3034,0.6456,0.6331,2.99
"HEC265_ENDOMETRIUM",4.6862,0.1955,0.1751,0.07603,0,0.8957,0.4616,0.1335,0.1312,0.7284,0.5421,5.8464,0.852,0.4049,0.8078,2.7943
"CAL12T_LUNG",3.5,2.0875,1.8817,1.2348,1.7747,1.1054,1.4973,0.6988,2.2204,1.1889,1.5377,4.9761,0.6577,2.8724,1.5021,1.9431
"HCC1954_BREAST",4.5797,0.8125,1.6338,0.9032,0.8402,0.5034,2.0762,0.2675,1.6269,0.493,0.2587,5.6339,0.4548,0.5027,0.2642,1.2184
"CAMA1_BREAST",3.1786,0.4276,0.1606,0.06316,0.003827,0.7152,0.146,0.07149,0.238,0.1829,0.3651,4.3906,0.1544,0.1146,0.494,1.0891
"HEC6_ENDOMETRIUM",2.4531,0.8225,0.7863,0.3154,0.7348,0.7948,1.1782,0.9376,1.1049,0.7721,1.6126,4.1261,1.2738,1.1543,0.8098,3.0713
"KMS11_HAEMATOPOIETIC_AND_LYMPHOID_TISSUE",5.4708,3.2272,0.3816,1.1922,0.2748,0.9629,1.0317,1.1197,1.1908,1.1346,1.3851,7.4167,2.1886,3.1159,2.8555,2.9832
"KP4_PANCREAS",4.4144,1.0599,0.4543,1.0904,0.21,0.1999,0.212,0,1.7523,1.9426,0.6425,6.5694,0.691,1.1314,0.9038,2.3036
"KE39_STOMACH",2.8221,1.5188,0.4174,0.3826,1.0481,0.3899,1.1427,0.4792,1.0631,0.3858,0.3528,4.0212,0.4823,1.1325,0.6301,1.9144
"COV504_OVARY",2.0498,0.5949,0.6355,0.1949,0.258,0.3845,0,0.01026,0.9822,0.2841,0,3.7749,0.09018,1.1179,0.4967,1.1671
"KE97_HAEMATOPOIETIC_AND_LYMPHOID_TISSUE",3.6685,0.6478,1.0054,0.4438,0.8743,0.4415,0.233,0.9093,0.4468,0.7684,0.4237,7.3811,0.6616,1.5231,1.8613,5.4387
"VMRCRCW_KIDNEY",0.4375,2.4276,1.4463,0.03365,0.194,1.3674,1.3765,0.1633,0,1.7715,0.8209,1.0722,0.9115,1.284,0.9487,0.233
"HGC27_STOMACH",3.6359,1.0097,0.801,0.08234,0.2264,0.151,0.3305,0.176,0,1.0484,0.05354,6.2021,0.4772,2.0106,1.5571,2.186
"LUDLU1_LUNG",3.2861,1.9451,1.1566,1.1293,1.5519,0.9741,1.8359,1.0448,1.5501,0.5817,0.1069,5.9003,0.6557,1.7285,1.0585,3.9514
"NUGC4_STOMACH",4.9358,1.0295,2.712,3.634,2.6443,0.09055,2.9416,0.7802,4.7079,1.7116,1.2881,6.0989,0.3093,0.3712,0.7171,3.955
"CAS1_CENTRAL_NERVOUS_SYSTEM",2.1995,0.6584,0.6927,0.103,0.08698,0.07697,0.02975,0.01784,0.586,0.6175,0,4.0347,0.06255,1.0183,0.3645,1.728
"KMM1_HAEMATOPOIETIC_AND_LYMPHOID_TISSUE",3.5771,1.8889,0.7628,2.0524,0.2421,0.3667,1.158,0.3706,2.3543,0.9584,1.5408,6.5537,1.6069,2.7704,0.6123,3.6748
"NCIH1694_LUNG",1.4558,0.8491,0.3515,0.333,0.1312,1.0089,0.5385,0.2616,0.3607,0.3931,0.1112,4.6718,0.1786,0.1368,0.4787,4.8522
"P3HR1_HAEMATOPOIETIC_AND_LYMPHOID_TISSUE",2.5398,0.6726,0.3172,0.1024,0,0.9634,0.005816,0.1132,0.2984,0.05595,0.5316,5.7467,0.2461,0.04795,0.3664,3.0622
"HUT78_HAEMATOPOIETIC_AND_LYMPHOID_TISSUE",3.4997,1.68,1.2907,4.2205,0.7256,2.1283,0.7425,1.0177,5.1608,1.9154,1.2301,6.5788,0.7262,1.8444,1.1536,4.0129
"HOS_BONE",3.4429,0.5479,0.1945,0.3858,0.2068,0.5549,0.7597,0.7641,1.1514,0.7702,1.1388,6.143,0.06738,0.6085,0.369,2.6696
"NCIH1184_LUNG",3.0332,0.6452,0,1.0545,0.67,1.0691,0.2531,0.3264,0.351,0.3619,0.2403,4.6431,0.4186,0.3275,0.3037,4.1958
"TC71_BONE",1.9739,0.425,0.02867,0.01673,0,0.1439,0,0.05201,0,0.6631,0,6.8648,0.007735,0.5449,0.8521,3.7927
"COLO205_LARGE_INTESTINE",5.7504,1.5025,0.4195,4.57,0.6326,0.6715,0.1875,0.9422,5.6956,1.3255,0.5538,7.0778,1.204,2.9966,0.9085,4.4189
"SNU449_LIVER",1.5499,0.8843,0.6314,0.2108,0.3379,0.4588,0.1797,0.4246,0.7212,0.2711,0.05912,1.808,0.5036,0.3874,0.2176,1.3044
"JHOS4_OVARY",1.6599,1.549,1.733,0.6264,0.9895,2.5589,1.0099,0.7082,0.6151,0.7615,0.495,5.2994,0.2538,1.3722,1.098,2.2804
"KYSE450_OESOPHAGUS",2.76,0.5514,1.4272,1.2877,1.4667,0.3005,1.3231,0.353,1.4853,0.3047,0.3495,5.5189,0.09899,0.5987,0.5079,2.1403
"KLE_ENDOMETRIUM",1.7971,0.5976,1.5831,0.406,0.7291,0.7563,0.6419,0.9586,1.1681,0.7625,0.7342,2.7287,0.6244,0.3371,0.898,1.4401
"HS895T_SKIN",3.0948,0.6128,0.3408,0.4916,0.4755,0.7315,0.3417,0.0221,1.2316,0.7383,0.1965,2.9045,0.911,1.7504,2.1269,1.1193
"LN229_CENTRAL_NERVOUS_SYSTEM",4.0027,1.2309,0.9273,1.1769,0.4374,0.2781,0.3739,0.8821,1.6776,0.8152,0.161,5.688,0.4278,1.6332,0.9104,1.7406
"P31FUJ_HAEMATOPOIETIC_AND_LYMPHOID_TISSUE",2.6454,0.7637,0.07896,3.4009,0.8033,0.6745,0.3472,0.5038,4.5666,1.3834,1.3855,5.4592,1.1751,1.5481,1.3363,3.9765
"SF126_CENTRAL_NERVOUS_SYSTEM",2.7719,0.9526,0.5959,0.2737,0.07066,0.2755,0.3474,0.08125,1.0433,0.4382,0,4.6195,0.5917,1.3627,1.4397,4.3635
"SNGM_ENDOMETRIUM",3.6265,0.497,1.0556,1.1646,0.7714,0.4892,0.5455,0.4692,1.1151,0.2154,0.6993,5.7321,0.4755,0.5714,0.8186,2.5829
"SW1990_PANCREAS",3.9558,1.0457,1.3081,1.5884,0.5871,0.1944,0.8197,1.2615,2.9671,1.0859,0.06233,4.7138,0.06581,1.7119,0.8337,4.2077
"TOLEDO_HAEMATOPOIETIC_AND_LYMPHOID_TISSUE",1.2479,0.6413,0.002277,0.05558,0.01286,0.02943,0.02839,0,0.283,0.03364,0.01955,2.3948,0.02052,0,0.09438,4.0031
"RERFGC1B_STOMACH",1.4162,1.5338,2.1467,1.7254,0.4351,0.1773,0.717,0.2647,1.5846,0.3046,0.3157,4.5754,0.1891,0.9959,0.7177,3.4388
"HT1080_SOFT_TISSUE",4.0847,0.6785,0.1531,1.8734,0.02918,0.9264,0.2133,0.4817,2.4808,0.8244,0.2556,6.7248,0.1179,0.5672,0.5673,3.3672
"NCIH2087_LUNG",3.0497,0.7475,0.7401,3.0122,0.4709,0.1451,0.3981,0.4068,4.1166,0.423,0.3437,5.5116,1.0198,1.1913,0.9215,4.0293
"COV318_OVARY",1.9673,0.7664,0.7234,0.07562,0.05132,0.2282,0,0.3907,0.02419,0.4279,0.04829,2.8757,0.2473,1.4239,0.9151,2.0789
"NCIH1341_LUNG",5.2972,1.8219,1.1726,0.4363,1.1779,1.3409,0.6303,0.2892,0.1421,1.3442,0.5645,6.0169,0.6177,2.2016,1.3166,2.9384
"C3A_LIVER",5.2974,1.5387,0.7807,1.5726,0.4533,1.3568,0.5676,0.4562,2.4419,0.5101,0.7496,2.9957,0.7144,1.0644,0.2617,2.6169
"SW480_LARGE_INTESTINE",2.2298,1.4152,0.1153,2.2851,0.2869,0.07069,0.2645,0.6109,3.2477,0.3502,0,3.6134,0.3728,0.995,0.9111,2.9514
"HS746T_STOMACH",3.5069,0.845,1.7904,1.5266,0.3248,0.7589,0.5103,1.6156,2.6193,3.4785,1.221,5.1829,0.2575,0.8022,0.7003,3.0074
"HS739T_BREAST",2.0852,0.6611,1.6143,0.3088,0.2265,0.2796,0.2569,0.7555,1.4601,1.0025,0.2776,3.9177,0.8671,2.1115,1.4499,2.2844
"SNUC2A_LARGE_INTESTINE",2.7511,0.8231,1.326,1.3236,0.4618,1.2177,0.2618,0.542,1.8779,0.5398,0.3268,3.9497,0.6656,1.3696,0.272,2.2119
"HEC151_ENDOMETRIUM",3.7984,0.2402,1.6659,3.233,2.2608,0.5978,1.59,0.1366,3.6687,0.5081,0.9897,6.3134,0.7036,1.695,1.06,3.6883
"MSTO211H_PLEURA",3.6676,0.5041,0.7174,1.2301,0.3184,0.8363,0.3716,1.0383,2.492,0.8487,0.3346,5.3017,0.7464,1.6265,1.7164,3.1705
"RAJI_HAEMATOPOIETIC_AND_LYMPHOID_TISSUE",1.9767,0.4082,0.0146,0.2204,0.218,0.0443,0.3515,0.5263,0.5314,0.02249,0.4254,6.0218,0.03069,0.1373,0.3131,3.4747
"JHH7_LIVER",4.2024,1.6698,0.6958,1.5053,0.6282,0.9234,0.9747,0.8485,2.2898,0.7837,1.4814,6.0801,1.0576,2.3994,1.8163,3.2097
"NCIH1573_LUNG",3.9417,1.463,1.3679,2.263,1.4163,0.3017,1.6056,1.1259,2.844,0.8412,0.4783,4.4458,0.3309,1.1256,0.6435,1.2867
"NCIH1651_LUNG",2.669,0.8597,0.5989,0.5348,0.2825,0.5105,0.6165,0.5197,0.4047,0.7751,0.2531,4.2575,0.2962,0.7857,0.845,2.3495
"NCIH226_LUNG",2.0162,0.6322,0.2167,0.3049,0,0.04654,0,0.1363,1.589,0.1941,0,3.207,0.5957,0.7534,0.8242,2.248
"NCIH1666_LUNG",4.712,1.0145,1.2167,3.1254,2.2235,1.3635,2.1425,0.4504,3.8767,0.806,0.2059,4.4421,0.6144,1.7936,0.5551,2.0451
"EBC1_LUNG",3.9338,1.2742,0.64,2.6304,0.2728,0.892,0.6902,0.1442,4.3938,4.497,1.6816,5.7392,0.3943,1.6407,0.3913,3.8903
"HS936T_SKIN",3.9897,0.2207,0.1732,2.825,0,0.3202,0,0.2465,3.7454,0.2561,0.4376,5.0763,0.1109,0.2688,0.2364,1.5226
"T47D_BREAST",1.4674,0.924,0.5592,0.6917,0.1791,0.9794,0.5727,0.4176,0.004786,0.3487,0.3123,3.3375,0.427,0.3381,0.4691,1.9885
"NCIH2023_LUNG",3.4569,1.4571,0.4832,0.3972,0.1764,0.296,0.3546,0.6613,1.0669,1.1931,0.6195,4.676,0.006447,1.0811,0.9905,2.1324
"NCIH1048_LUNG",4.7653,0.798,1.2751,0.08808,0.662,0.1353,0.5777,0.1314,0.6409,0.7133,0.1776,6.7078,0.6078,1.9009,1.3784,5.3324
"HT144_SKIN",4.3186,0.8903,0.3266,2.8194,0.5338,0.4271,0.5575,0.5415,4.4659,0.6186,0.2313,4.6768,0.6104,1.1289,1.11,2.9211
"DV90_LUNG",4.6153,1.0623,0.7536,3.5067,1.4945,4.2899,0.9329,1.2495,4.1181,0.1697,3.0544,6.3835,0.04952,1.0057,1.2647,3.3122
"ZR751_BREAST",4.4719,1.2285,1.1688,0.7315,1.1717,1.0596,0.4156,1.013,1.5942,0.5818,1.1176,4.4743,0.8454,0.6762,0.8432,3.5125
"KG1_HAEMATOPOIETIC_AND_LYMPHOID_TISSUE",2.3487,0.7337,0,1.3541,0.9725,0.7313,0.5561,1.2248,3.2569,1.0949,0.6818,4.9233,0.8453,2.5558,3.1467,2.984
"HCC70_BREAST",3.0273,0.6154,0.571,1.2257,0.3408,0.426,0.6068,0.1437,2.1081,0.2158,0.1703,5.4912,0.5751,0.9657,0.6686,2.4964
"SNU1_STOMACH",4.5573,0.9688,0.6094,1.9704,0.3576,0.1107,0.4886,1.27,3.7711,0.826,0,4.8994,0.8939,1.4561,1.0972,3.6574
"NCIH1648_LUNG",1.8947,1.078,0.2443,1.076,0.6008,1.6655,1.8562,0.8649,0.8604,0.673,0.1418,5.9981,0.5777,1.1125,0.4882,1.9441
"MG63_BONE",1.3119,1.392,0.5506,0.2346,0.1603,0.1322,0.1513,0.2304,0.6005,0.4803,0.02981,5.9739,0.3812,2.2176,1.218,3.5973
"PK1_PANCREAS",4.3709,0.6571,1.1932,1.5048,0.5614,0.2971,0.7236,0.3042,2.5158,0.4587,0.0112,5.4913,0.6839,0.8173,0.8821,2.5477
"HS840T_UPPER_AERODIGESTIVE_TRACT",4.6617,0.5775,0.5852,0.6889,0.3236,0.4266,0.1638,0.3651,1.11,1.2078,1.0402,4.3812,0.2267,1.7415,1.3392,1.7592
"NCIH23_LUNG",4.2066,1.3268,0.7626,1.0566,0,2.0322,0.4302,0.8491,2.1937,1.136,0.3608,6.5769,0.3285,1.688,1.5173,3.0649
"TE617T_SOFT_TISSUE",5.1812,1.4793,2.941,2.5837,1.7201,1.0236,3.4461,1.4265,2.7097,1.7104,0.9109,6.7285,0.9072,2.1155,1.1019,4.4021
"SW1088_CENTRAL_NERVOUS_SYSTEM",2.8038,0.09182,0.2863,0,0.1109,0.02371,0.7047,0,0.03729,0.2437,0.03335,4.9997,0.0797,0.5267,0.8459,0.777
"NCIH1373_LUNG",3.7468,0.5229,0.4326,0.486,0.2836,0.1114,0.2469,0.03238,0.3876,0.3264,0.2623,3.5616,0.1644,0.2048,0.3892,1.0589
"HS229T_LUNG",3.6505,0.1625,0.07466,0.4344,0.00911,0.149,0.08038,0.09112,0.4783,0.02076,1.3842,4.0841,0.1337,0.8478,0.5095,1.1319
"BL70_HAEMATOPOIETIC_AND_LYMPHOID_TISSUE",3.5976,0.8428,2.0535,0.113,0.3595,0.3218,0.3646,0.1399,0.06714,0.9159,0.4072,6.5657,0.1112,0.6416,1.7212,4.5194
"CI1_HAEMATOPOIETIC_AND_LYMPHOID_TISSUE",3.8812,0.6551,0.6352,0.5656,0.4621,0.06319,0.07477,0.7237,0.6039,0.8737,0.8997,6.7624,0.3438,1.1676,1.0475,4.9059
"NCIH1693_LUNG",1.6738,1.1923,1.4733,1.2609,1.42,0.8193,1.678,0.9088,2.3507,0.9907,0.636,3.8862,0.4801,1.4694,1.3123,3.0734
"HS683_CENTRAL_NERVOUS_SYSTEM",4.354,0.7117,1.2891,0.4306,0.07119,0.3543,0.03881,0.2897,0.5807,1.0135,0.05832,5.9641,0.2025,1.7276,0.7687,3.1158
"RKO_LARGE_INTESTINE",4.4812,0.8444,0.6394,2.2005,0.06025,0.2353,0.302,0.6938,3.2954,0.9374,0.47,6.6097,0.8653,1.6675,0.7962,3.5301
"JHOS2_OVARY",1.9626,1.2322,0.4457,1.2776,0.1802,1.1132,0.5668,0.4878,1.0772,0.3298,0.5548,4.1841,0,0.7772,0.7762,2.3488
"MCF7_BREAST",2.2316,1.7882,0.03456,0.5816,0.3573,0.2945,0.4242,0.06679,0.3616,0.502,0,3.7399,0,1.5781,0.3718,0.9251
"U937_HAEMATOPOIETIC_AND_LYMPHOID_TISSUE",4.6603,0.8519,0.5793,1.1403,0.5495,0.2883,0.3857,0.2506,1.5143,0.5069,0.7796,7.4369,0.7181,0.5798,0.7747,3.5634
"MEG01_HAEMATOPOIETIC_AND_LYMPHOID_TISSUE",2.6177,0.5139,2.3393,1.6161,0.3546,0.1807,0.4225,0.26,3.3323,1.5732,0.2072,4.1212,0.1151,0.1,1.4739,2.9957
"REH_HAEMATOPOIETIC_AND_LYMPHOID_TISSUE",3.0737,0.8788,0.00713,0.04644,0.1718,1.5628,0.4909,0.573,0,0.8942,0.4732,6.7887,0.4783,1.1366,1.3379,4.3275
"DMS114_LUNG",2.2019,2.3798,0.3061,0.7486,0.4546,1.3367,0.2177,0.3314,0.4387,2.1489,0.8946,5.5617,0.7432,1.8487,1.145,3.1123
"SW1353_BONE",3.1215,0.7213,0.5077,0.9301,0.1981,0.3225,0.3409,0.5273,1.3756,0.6467,0.2262,5.3868,0.3081,1.8519,0.8432,2.2859
"CALU3_LUNG",2.0534,0.561,2.3703,2.3689,1.1767,0.5201,2.6066,0.4135,1.8058,0.4668,0.1975,3.2082,0.5152,1.1636,0.4078,3.0826
"NCIH2009_LUNG",3.6954,0.6894,1.094,1.9691,0.6598,0.2909,0.3635,0.06515,2.6131,0.5123,1.1969,4.9461,0,1.2731,0.9052,2.1728
"HCC4006_LUNG",3.4326,0.8118,2.3879,0.1997,3.7373,0.2142,1.8224,0.1393,1.7547,0.531,0,5.8944,0.3675,1.5185,0.6712,1.7052
"KU812_HAEMATOPOIETIC_AND_LYMPHOID_TISSUE",3.8223,0.3537,3.0717,3.3419,0.5995,0.9883,0.5306,0.1017,4.5708,1.7159,0.3105,7.1048,0,0,1.5403,3.1619
"SHP77_LUNG",3.0618,0.1697,0.2412,0.2575,0.2221,0.4285,0.2586,0.252,0.6498,0.604,0,3.8193,0.04803,0.5531,0.576,0.7999
"PFEIFFER_HAEMATOPOIETIC_AND_LYMPHOID_TISSUE",3.259,0.7562,1.7467,0.2601,1.171,0.5354,0.35,0.2595,0.8899,1.1214,0.8396,7.1858,0.06782,1.406,1.5483,4.1862
"ZR7530_BREAST",2.3161,0.1118,0,0.04301,0.03998,0.2425,3.0902,0.08222,0,0.04209,0.2342,2.1929,0.7984,0.3207,1.1268,0.02054
"NCIH1944_LUNG",4.244,0.2859,0.4428,1.3191,0.3705,0.339,0.2708,0,1.4783,0,0.5487,4.4533,0.04412,0.1488,0.1312,1.7644
"DEL_HAEMATOPOIETIC_AND_LYMPHOID_TISSUE",5.2371,1.2612,1.4715,1.4402,0.473,0.9751,1.0422,0.8865,1.3118,3.7305,2.3361,7.3422,1.989,5.9893,1.3471,5.916
"COLO320_LARGE_INTESTINE",2.8034,2.0584,0.4243,0.02962,0.6266,0.1362,0.5138,0.0876,0.01305,0.7197,0.2699,3.9828,0.7374,2.7318,1.1074,2.5752
"RPMI8402_HAEMATOPOIETIC_AND_LYMPHOID_TISSUE",3.1359,1.8775,1.0333,0.6701,0.6156,0.8364,1.2147,1.1439,0.4658,1.1405,0.5896,6.4498,1.1083,2.4255,1.8524,5.2886
"P12ICHIKAWA_HAEMATOPOIETIC_AND_LYMPHOID_TISSUE",2.6965,1.1795,0.3353,1.7805,0.7472,0.5791,0.7179,0.7109,2.4864,1.0946,0.7028,6.9777,1.325,2.3245,1.9616,5.2524
"MHHES1_BONE",4.5868,2.06,3.6528,3.026,1.1808,0.9377,1.9384,1.5578,5.2407,1.7637,1.8206,7.2501,1.8656,3.4513,1.2846,6.0318
"JVM3_HAEMATOPOIETIC_AND_LYMPHOID_TISSUE",5.1094,1.0059,1.5103,3.1872,1.8084,1.2389,1.2129,3.1439,3.4643,1.5846,0.8275,7.5086,1.21,2.3725,2.8261,5.7118
"NCIH727_LUNG",2.1313,1.3035,1.0985,1.7299,0.3191,0.2611,0.5375,0.4471,2.9449,1.1206,0.1742,1.9411,0.2139,1.3735,0.29,0.2574
"KCL22_HAEMATOPOIETIC_AND_LYMPHOID_TISSUE",4.7185,0.8817,3.2752,3.1959,0.6935,1.2877,0.9807,0.644,3.6923,2.7737,1.9724,7.0551,1.6803,2.1484,1.5281,4.5702
"EM2_HAEMATOPOIETIC_AND_LYMPHOID_TISSUE",4.667,1.1647,4.2714,3.654,0.8905,1.0611,0.3354,0.9154,4.5392,3.0185,0.9357,7.0443,1.7046,2.3065,1.6864,5.2851
"OPM2_HAEMATOPOIETIC_AND_LYMPHOID_TISSUE",3.1534,0.9333,0.6917,0.4856,0.8885,0,0.03488,0.1889,1.3958,0.2972,0.6293,3.6015,0.1978,0.9299,0.2381,3.6358
"LCLC103H_LUNG",2.8339,0.6313,0.2668,0.5019,0.26,0.5048,0.1241,0.1545,0.16,0.06502,0.8282,5.5755,0.4543,0.8001,0.7523,2.2263
"L428_HAEMATOPOIETIC_AND_LYMPHOID_TISSUE",2.9575,0.5807,0.2569,0.4134,0.3904,1.1121,0.6883,0.6954,0.01169,0.7745,0.9671,4.3178,1.1127,0.7929,1.1036,3.0798
"MOLT16_HAEMATOPOIETIC_AND_LYMPHOID_TISSUE",3.3586,1.5338,2.4599,1.4634,1.5452,1.8489,1.4487,1.6592,1.74,1.8084,2.6088,6.7558,2.8323,1.5482,2.0937,5.7389
"L363_HAEMATOPOIETIC_AND_LYMPHOID_TISSUE",5.0957,2.9187,1.4398,0.7485,1.0643,3.4205,1.3522,0.7146,1.4584,2.4015,2.1395,6.817,1.6377,3.8758,2.0685,4.9954
"SUDHL6_HAEMATOPOIETIC_AND_LYMPHOID_TISSUE",2.238,1.1025,1.7767,0.5246,0.3886,1.2349,1.4096,0.2678,0.8526,1.2027,2.0272,7.4814,0.8653,1.2094,1.5187,4.0341
"KARPAS620_HAEMATOPOIETIC_AND_LYMPHOID_TISSUE",3.1529,2.9271,0.863,4.2428,0.7388,1.0111,0.4323,0.1505,4.076,0.6391,1.0286,6.8236,1.3176,2.6193,0.4642,2.7252
"SIGM5_HAEMATOPOIETIC_AND_LYMPHOID_TISSUE",4.1762,2.8203,3.1197,6.4934,1.9143,1.1165,1.3094,2.9584,7.3807,1.9859,1.5314,7.4525,2.421,3.3125,2.4769,5.3778
"BCPAP_THYROID",3.4746,1.3166,1.54,2.518,0.3177,1.0364,0.3482,0.7133,2.855,0.6353,0.8851,6.704,1.5503,1.6747,0.9213,3.6587
"TT2609C02_THYROID",3.9975,1.7747,1.3733,3.1457,0.8222,2.0894,0.4612,0.2607,4.2844,0.6655,0.1429,6.6567,0.5484,2.1649,1.4124,3.3499
"F36P_HAEMATOPOIETIC_AND_LYMPHOID_TISSUE",3.7075,3.0325,0.2391,3.2726,0.6618,1.2007,0.6322,0.8868,3.7848,1.3331,0.8031,6.7817,1.2146,3.0508,2.3468,1.2153
"AMO1_HAEMATOPOIETIC_AND_LYMPHOID_TISSUE",5.2887,2.8999,0.3323,1.6147,1.0362,0.5586,1.233,1.1689,2.9921,1.3265,1.0553,6.5985,0.9786,3.1165,1.5766,4.6146
"MOLP8_HAEMATOPOIETIC_AND_LYMPHOID_TISSUE",3.7225,2.4006,0.4735,2.179,0.3782,0.5257,0.8492,1.0518,2.9593,1.1504,1.5495,4.819,0.9686,2.9462,1.0816,3.1229
"HCC1806_BREAST",4.1444,1.0001,2.0485,1.6198,2.1,0.7285,1.4366,0.5461,2.1571,1.0815,0.1681,6.8819,0.8092,1.8193,0.8257,4.6446
"GRANTA519_HAEMATOPOIETIC_AND_LYMPHOID_TISSUE",2.8214,1.0074,2.0087,0.5534,0.3789,0.4284,0.2367,1.2758,1.2719,0.9777,0.4665,6.7581,0.4338,2.4579,1.5745,5.0562
"MKN7_STOMACH",2.6606,0.3176,0.2042,0.5792,0.3438,0.5672,0.8744,0.7318,0.777,0.5643,0,3.6733,0.2289,2.3151,0.6005,3.1009
"HCC827_LUNG",3.074,0.8091,2.8997,0,4.4132,0.4814,0.956,0,0.7286,0.3058,0.4763,4.5217,0.5981,1.5033,0.1211,1.736
"UACC812_BREAST",3.1346,0.3992,0.6199,0.9361,0.4433,0.1302,1.3183,0.3032,1.0812,0.05788,0.1242,4.0004,0.2783,0.6884,0.008233,1.3378
"SUDHL10_HAEMATOPOIETIC_AND_LYMPHOID_TISSUE",3.8928,1.0192,0.4912,0.4243,0.06596,0.186,0.7992,0.0689,1.8426,0.8983,0.06698,7.2354,0.01542,1.2132,1.3126,4.0743
"SUDHL4_HAEMATOPOIETIC_AND_LYMPHOID_TISSUE",3.7258,1.7337,3.6068,1.7324,1.0076,1.8018,1.2882,1.9194,0.6981,2.013,2.5702,6.9533,1.8441,2.3917,1.9076,5.315
"MINO_HAEMATOPOIETIC_AND_LYMPHOID_TISSUE",4.9855,0.5617,0.05838,0.2098,1.1327,0.4018,0.8071,0.1098,0.249,1.1621,0.1203,7.1403,0.002441,1.8164,1.6047,4.5568
"DOHH2_HAEMATOPOIETIC_AND_LYMPHOID_TISSUE",4.3378,2.0396,1.4458,0.1338,0.9251,0.3809,1.1878,1.4534,0.8781,1.8184,1.3201,5.1909,2.8625,1.9472,2.0445,5.3652
"LP1_HAEMATOPOIETIC_AND_LYMPHOID_TISSUE",3.2781,2.8798,0.4225,1.3771,0,0.3876,1.8908,1.3709,1.7369,2.432,0.6193,3.0682,1.1561,2.6661,1.0434,2.64
"OCIAML2_HAEMATOPOIETIC_AND_LYMPHOID_TISSUE",4.2295,1.1281,0.2234,5.9343,0.02743,0.02479,0.1763,0.5748,7.2797,1.0041,0.07766,6.3485,1.7042,2.1811,1.4035,4.8885
"CAL78_BONE",4.3291,1.2703,0.6972,0.149,0.6947,0.7028,0.4327,0.0222,0.1878,0.8664,0.3361,5.5828,0.301,1.4006,1.7102,3.1338
"RPMI7951_SKIN",5.8391,0.9825,0.8065,1.1178,0.172,0.5193,0.212,0.2262,1.5961,0.9346,0.7986,6.9914,0.1968,1.0404,0.6471,3.4621
"WM983B_SKIN",3.9403,2.3048,2.4621,4.8064,0.981,1.3679,2.28,1.6994,6.3027,1.5978,1.3292,5.6824,1.4692,3.2014,1.7524,2.8592
"LS513_LARGE_INTESTINE",4.3214,2.5798,0.9041,2.6515,1.5967,0.3439,2.1057,1.4657,4.8546,0.6926,1.4464,4.8331,0.9539,2.7267,1.9045,4.0027
"WM793_SKIN",5.6352,1.2364,0.8811,2.07,0.07185,1.8878,0.6875,0.862,3.0477,0.6696,0.8487,5.6275,0.1739,0.9968,1.1986,3.6274
"MEWO_SKIN",2.3806,0.3319,0.08418,0.3584,0.002914,1.0106,0,0,0.9748,0.3369,0.4424,3.5542,0.4461,0.8891,0.2702,0.4341
"WM88_SKIN",4.5972,1.6441,0.5142,4.1904,0.242,0.1151,0.1094,0.6133,6.2069,0.5136,0.1746,5.0682,0.7236,0.6657,1.1354,2.8429
"NCIH1092_LUNG",1.0754,0.5824,0,0.4517,0.06946,0,0.2613,0.06517,0,0.286,0,1.7118,0,0,0.5458,2.8124
"LC1SQSF_LUNG",2.7908,0.6989,0.2975,0.9039,0.7528,0.3358,0.2258,0.2632,1.719,0,0.1752,5.3331,0.05495,0.3709,0.6056,1.0455
"SUPM2_HAEMATOPOIETIC_AND_LYMPHOID_TISSUE",4.1261,0.1908,0,1.0256,0,3.1432,0,0.312,1.5185,1.7536,0.5715,7.6077,0.04683,4.0199,0.08662,4.3541
"OVCAR8_OVARY",4.0967,0.6409,1.0565,0.3024,0.532,0.07678,1.0963,0.08894,1.0265,1.0091,0.4074,6.193,0.9127,0.7201,1.1174,4.034
"NCIH2172_LUNG",1.7525,0.4366,0.1918,0.3521,0.198,0.5285,0.03765,0.05811,0.2755,0.4162,0.2135,2.1174,0.3295,0.4014,0.2366,0.0547
"ISHIKAWAHERAKLIO02ER_ENDOMETRIUM",4.4612,0.6813,0.8908,1.2402,1.7752,1.8825,0.9137,1.2014,1.396,0.9138,1.4672,7.0334,0.863,1.4667,1.8453,3.489
"NCIH650_LUNG",3.3292,0.7852,0,0.5544,0.04207,0.5809,0.1778,0,0.5376,0.389,0.5756,4.2852,0.07339,0.5029,0.5932,1.8313
"SW1573_LUNG",2.0416,1.3222,0.6893,0.9396,0.3446,0.517,0.3101,0.4564,1.3967,0.6794,0.4133,3.8372,0.3386,1.4503,1.0356,4.6127
"OVMANA_OVARY",2.7475,1.0259,1.6191,0.623,0.03859,1.05,0.6579,0.6969,0.3681,0.8049,0.1321,2.7268,0.7517,1.112,0.2215,2.4824
"SKCO1_LARGE_INTESTINE",3.9465,1.1108,1.7353,2.6927,0.7601,0.466,1.0674,0.5605,3.5121,0.8491,0.2464,2.6585,0.448,2.2025,0.7474,2.2109
"KARPAS299_HAEMATOPOIETIC_AND_LYMPHOID_TISSUE",3.0586,0.2968,0.1212,0.7473,0,0.6597,0,0.1569,1.4693,1.2033,1.0762,5.9128,0.09596,3.0368,0.3247,2.6928
"DKMG_CENTRAL_NERVOUS_SYSTEM",2.603,0.3032,0.3462,1.1426,0.1756,0.1664,0.2054,0.4608,1.3384,0.7844,0.3604,5.3135,0.04339,0.4276,0.7372,1.5358
"IGR39_SKIN",2.3156,0.7806,1.3605,0.575,0.4376,0.8244,0.08543,0.2199,1.2794,0.6601,0.6169,5.1485,0.2575,0.8205,0.7215,2.5969
"DAOY_CENTRAL_NERVOUS_SYSTEM",3.6005,0.7917,0.2739,0.3316,0.2287,0.6428,0.05,0.2397,0.01505,0.2733,0.02801,5.9369,0.3994,0.7283,0.5918,3.9107
"JMSU1_URINARY_TRACT",4.8463,1.4305,0.6231,1.3179,1.0426,0.1648,0.1266,0.4729,1.7564,0.7331,0.7479,6.0871,0.7113,2.6435,2.8243,3.8976
"SUDHL8_HAEMATOPOIETIC_AND_LYMPHOID_TISSUE",4.1173,1.6451,1.196,1.5696,0.689,1.3083,0.9553,0.7898,1.5111,1.3599,1.3604,6.7813,1.6194,1.7707,1.2434,5.4439
"PK45H_PANCREAS",3.7247,1.175,1.4521,3.606,0.3102,0.2142,0.43,0.2626,4.299,0.5456,0.3306,5.3968,0.06274,1.4209,0.92,0.9304
"HEC59_ENDOMETRIUM",3.2777,0.1996,0.04556,0.03026,0.05487,0.1996,0,0.009183,0.05466,0.6056,0.03088,3.8476,0.6413,1.0285,0.3578,3.4251
"LS123_LARGE_INTESTINE",2.3211,0.8263,0.9965,1.76,0.4793,0.4231,0.4413,0.08035,1.5646,0.7037,0.2806,2.9985,0.1955,1.0933,0.3334,1.307
"SU8686_PANCREAS",2.4711,0.7582,0.3333,0.616,0.1866,0.9071,0.09048,0.148,0.7627,0.2915,0.2854,4.1376,0.2178,0.2885,0.1613,3.0704
"BL41_HAEMATOPOIETIC_AND_LYMPHOID_TISSUE",2.9811,0.3433,0.05539,0.05747,0.01175,0.07161,0.6501,0.001908,0,0.8768,0,7.1153,0,0.4967,1.0673,4.1211
"PANC0203_PANCREAS",3.4803,1.5713,1.669,3.4381,1.0194,0.2337,1.0355,0.6172,4.8153,0.8964,0.3393,4.0096,0.5173,1.1405,0.647,2.4189
"NCIH1915_LUNG",5.2552,0.4139,1.1919,2.2654,0.4244,0.9189,0.1502,0.2402,3.546,0.2831,0.3796,6.0863,0.03571,0.8856,1.0848,3.279
"KURAMOCHI_OVARY",2.2269,1.4503,2.0978,2.0402,0.9836,0.4443,1.5001,1.6904,2.5424,1.3399,1.0637,3.8522,1.1985,3.0662,1.2387,3.0771
"A2058_SKIN",4.747,1.0006,0.793,1.8154,0,1.1989,0.1202,0.1101,2.4465,0.5221,0.2003,7.1679,0.05127,0.8825,0.858,3.1484
